,sink_node_id,src_node_id,switch
0,25,1,0
1,28,4,0
2,31,7,0
3,34,10,0
4,37,13,0
5,40,16,0
6,43,19,0
7,46,22,0
8,0,24,0
9,550,25,4
10,551,25,8
11,552,25,15
12,553,25,3
13,554,25,8
14,555,25,4
15,556,25,8
16,557,25,2
17,558,25,8
18,559,25,8
19,560,25,4
20,561,25,5
21,562,25,16
22,563,25,8
23,564,25,3
24,565,25,8
25,566,25,8
26,567,25,7
27,568,25,2
28,569,25,8
29,570,25,2
30,571,25,2
31,572,25,8
32,573,25,8
33,574,25,15
34,575,25,2
35,678,25,10
36,679,25,10
37,680,25,12
38,681,25,14
39,2,26,0
40,3,27,0
41,576,28,3
42,577,28,5
43,578,28,4
44,579,28,2
45,580,28,8
46,581,28,8
47,582,28,3
48,583,28,15
49,584,28,5
50,585,28,2
51,586,28,3
52,587,28,8
53,588,28,4
54,589,28,2
55,590,28,8
56,591,28,2
57,592,28,4
58,593,28,2
59,594,28,2
60,595,28,4
61,596,28,7
62,597,28,8
63,598,28,4
64,599,28,3
65,600,28,5
66,601,28,3
67,682,28,12
68,683,28,11
69,684,28,14
70,685,28,12
71,5,29,0
72,6,30,0
73,602,31,2
74,603,31,8
75,604,31,3
76,605,31,4
77,606,31,8
78,607,31,3
79,608,31,2
80,609,31,2
81,610,31,8
82,611,31,8
83,612,31,3
84,613,31,7
85,614,31,7
86,615,31,2
87,616,31,2
88,617,31,4
89,618,31,3
90,619,31,5
91,620,31,2
92,621,31,8
93,622,31,3
94,623,31,2
95,624,31,15
96,625,31,5
97,626,31,3
98,627,31,8
99,686,31,10
100,687,31,13
101,688,31,13
102,689,31,10
103,8,32,0
104,9,33,0
105,628,34,8
106,629,34,8
107,630,34,4
108,631,34,5
109,632,34,2
110,633,34,3
111,634,34,5
112,635,34,2
113,636,34,3
114,637,34,2
115,638,34,5
116,639,34,2
117,640,34,4
118,641,34,2
119,642,34,8
120,643,34,8
121,644,34,4
122,645,34,2
123,646,34,3
124,647,34,2
125,648,34,2
126,649,34,5
127,650,34,3
128,651,34,5
129,652,34,8
130,653,34,2
131,690,34,14
132,691,34,17
133,692,34,10
134,693,34,12
135,11,35,0
136,12,36,0
137,550,37,4
138,551,37,8
139,654,37,8
140,655,37,8
141,656,37,3
142,657,37,3
143,658,37,8
144,659,37,3
145,660,37,8
146,661,37,2
147,662,37,15
148,663,37,4
149,664,37,8
150,665,37,8
151,666,37,4
152,667,37,3
153,668,37,15
154,669,37,7
155,670,37,2
156,671,37,3
157,672,37,3
158,673,37,3
159,674,37,3
160,675,37,3
161,676,37,2
162,677,37,8
163,694,37,14
164,695,37,13
165,696,37,14
166,697,37,9
167,14,38,0
168,15,39,0
169,552,40,15
170,553,40,3
171,554,40,8
172,555,40,4
173,556,40,8
174,557,40,2
175,558,40,8
176,559,40,8
177,560,40,4
178,561,40,5
179,562,40,16
180,563,40,8
181,564,40,3
182,565,40,8
183,566,40,8
184,567,40,7
185,568,40,2
186,569,40,8
187,570,40,2
188,571,40,2
189,572,40,8
190,573,40,8
191,574,40,15
192,575,40,2
193,576,40,3
194,577,40,5
195,678,40,10
196,679,40,10
197,698,40,14
198,699,40,13
199,17,41,0
200,18,42,0
201,578,43,4
202,579,43,2
203,580,43,8
204,581,43,8
205,582,43,3
206,583,43,15
207,584,43,5
208,585,43,2
209,586,43,3
210,587,43,8
211,588,43,4
212,589,43,2
213,590,43,8
214,591,43,2
215,592,43,4
216,593,43,2
217,594,43,2
218,595,43,4
219,596,43,7
220,597,43,8
221,598,43,4
222,599,43,3
223,600,43,5
224,601,43,3
225,602,43,2
226,603,43,8
227,680,43,12
228,681,43,14
229,682,43,12
230,683,43,11
231,20,44,0
232,21,45,0
233,604,46,3
234,605,46,4
235,606,46,8
236,607,46,3
237,608,46,2
238,609,46,2
239,610,46,8
240,611,46,8
241,612,46,3
242,613,46,7
243,614,46,7
244,615,46,2
245,616,46,2
246,617,46,4
247,618,46,3
248,619,46,5
249,620,46,2
250,621,46,8
251,622,46,3
252,623,46,2
253,624,46,15
254,625,46,5
255,626,46,3
256,627,46,8
257,628,46,8
258,629,46,8
259,684,46,14
260,685,46,12
261,686,46,10
262,687,46,13
263,23,47,0
264,73,49,0
265,76,52,0
266,79,55,0
267,82,58,0
268,85,61,0
269,88,64,0
270,91,67,0
271,94,70,0
272,48,72,0
273,250,73,2
274,251,73,3
275,252,73,4
276,253,73,5
277,254,73,6
278,255,73,7
279,256,73,6
280,257,73,5
281,258,73,2
282,259,73,2
283,260,73,8
284,261,73,5
285,262,73,8
286,263,73,8
287,264,73,5
288,265,73,2
289,266,73,7
290,267,73,8
291,268,73,3
292,269,73,8
293,270,73,5
294,271,73,8
295,272,73,2
296,273,73,7
297,274,73,2
298,275,73,8
299,378,73,9
300,379,73,10
301,380,73,10
302,381,73,11
303,50,74,0
304,51,75,0
305,276,76,2
306,277,76,2
307,278,76,5
308,279,76,8
309,280,76,8
310,281,76,5
311,282,76,2
312,283,76,2
313,284,76,2
314,285,76,3
315,286,76,5
316,287,76,2
317,288,76,7
318,289,76,2
319,290,76,7
320,291,76,5
321,292,76,2
322,293,76,8
323,294,76,8
324,295,76,3
325,296,76,8
326,297,76,8
327,298,76,5
328,299,76,2
329,300,76,8
330,301,76,5
331,382,76,12
332,383,76,13
333,384,76,13
334,385,76,12
335,53,77,0
336,54,78,0
337,302,79,7
338,303,79,3
339,304,79,8
340,305,79,6
341,306,79,2
342,307,79,5
343,308,79,2
344,309,79,2
345,310,79,2
346,311,79,2
347,312,79,2
348,313,79,3
349,314,79,5
350,315,79,5
351,316,79,2
352,317,79,8
353,318,79,8
354,319,79,3
355,320,79,8
356,321,79,2
357,322,79,7
358,323,79,3
359,324,79,3
360,325,79,5
361,326,79,8
362,327,79,8
363,386,79,14
364,387,79,13
365,388,79,10
366,389,79,14
367,56,80,0
368,57,81,0
369,328,82,5
370,329,82,7
371,330,82,2
372,331,82,8
373,332,82,3
374,333,82,3
375,334,82,2
376,335,82,5
377,336,82,2
378,337,82,2
379,338,82,8
380,339,82,3
381,340,82,2
382,341,82,7
383,342,82,2
384,343,82,3
385,344,82,2
386,345,82,5
387,346,82,8
388,347,82,8
389,348,82,7
390,349,82,8
391,350,82,2
392,351,82,2
393,352,82,2
394,353,82,8
395,390,82,9
396,391,82,13
397,392,82,12
398,393,82,10
399,59,83,0
400,60,84,0
401,250,85,2
402,251,85,3
403,354,85,7
404,355,85,2
405,356,85,8
406,357,85,2
407,358,85,5
408,359,85,7
409,360,85,5
410,361,85,3
411,362,85,5
412,363,85,2
413,364,85,7
414,365,85,8
415,366,85,8
416,367,85,7
417,368,85,8
418,369,85,2
419,370,85,2
420,371,85,6
421,372,85,3
422,373,85,7
423,374,85,2
424,375,85,5
425,376,85,2
426,377,85,2
427,394,85,14
428,395,85,14
429,396,85,13
430,397,85,14
431,62,86,0
432,63,87,0
433,252,88,4
434,253,88,5
435,254,88,6
436,255,88,7
437,256,88,6
438,257,88,5
439,258,88,2
440,259,88,2
441,260,88,8
442,261,88,5
443,262,88,8
444,263,88,8
445,264,88,5
446,265,88,2
447,266,88,7
448,267,88,8
449,268,88,3
450,269,88,8
451,270,88,5
452,271,88,8
453,272,88,2
454,273,88,7
455,274,88,2
456,275,88,8
457,276,88,2
458,277,88,2
459,378,88,9
460,379,88,10
461,398,88,14
462,399,88,14
463,65,89,0
464,66,90,0
465,278,91,5
466,279,91,8
467,280,91,8
468,281,91,5
469,282,91,2
470,283,91,2
471,284,91,2
472,285,91,3
473,286,91,5
474,287,91,2
475,288,91,7
476,289,91,2
477,290,91,7
478,291,91,5
479,292,91,2
480,293,91,8
481,294,91,8
482,295,91,3
483,296,91,8
484,297,91,8
485,298,91,5
486,299,91,2
487,300,91,8
488,301,91,5
489,302,91,7
490,303,91,3
491,380,91,10
492,381,91,11
493,382,91,12
494,383,91,13
495,68,92,0
496,69,93,0
497,304,94,8
498,305,94,6
499,306,94,2
500,307,94,5
501,308,94,2
502,309,94,2
503,310,94,2
504,311,94,2
505,312,94,2
506,313,94,3
507,314,94,5
508,315,94,5
509,316,94,2
510,317,94,8
511,318,94,8
512,319,94,3
513,320,94,8
514,321,94,2
515,322,94,7
516,323,94,3
517,324,94,3
518,325,94,5
519,326,94,8
520,327,94,8
521,328,94,5
522,329,94,7
523,384,94,13
524,385,94,12
525,386,94,14
526,387,94,13
527,71,95,0
528,145,104,0
529,146,105,0
530,147,106,0
531,148,107,0
532,149,108,0
533,150,109,0
534,151,110,0
535,152,111,0
536,96,113,0
537,96,114,0
538,96,115,0
539,96,116,0
540,97,117,0
541,97,118,0
542,97,119,0
543,97,120,0
544,98,121,0
545,98,122,0
546,98,123,0
547,98,124,0
548,99,125,0
549,99,126,0
550,99,127,0
551,99,128,0
552,100,129,0
553,100,130,0
554,100,131,0
555,100,132,0
556,101,133,0
557,101,134,0
558,101,135,0
559,101,136,0
560,102,137,0
561,102,138,0
562,102,139,0
563,102,140,0
564,103,141,0
565,103,142,0
566,103,143,0
567,103,144,0
568,400,145,3
569,401,145,2
570,402,145,5
571,403,145,3
572,404,145,2
573,405,145,2
574,406,145,2
575,407,145,2
576,408,145,5
577,409,145,5
578,410,145,8
579,411,145,2
580,412,145,3
581,413,145,2
582,414,145,7
583,415,145,7
584,416,145,8
585,417,145,2
586,418,145,2
587,419,145,5
588,420,145,2
589,421,145,2
590,422,145,5
591,423,145,8
592,424,145,3
593,425,145,8
594,528,145,10
595,529,145,11
596,530,145,12
597,531,145,10
598,532,145,13
599,533,145,12
600,700,146,15
601,701,146,4
602,702,146,2
603,703,146,8
604,704,146,3
605,705,146,3
606,706,146,5
607,707,146,8
608,708,146,8
609,709,146,8
610,710,146,5
611,711,146,3
612,712,146,4
613,713,146,3
614,714,146,5
615,715,146,5
616,716,146,8
617,717,146,4
618,718,146,3
619,719,146,2
620,720,146,8
621,721,146,8
622,722,146,8
623,723,146,8
624,724,146,2
625,725,146,3
626,828,146,14
627,829,146,12
628,830,146,18
629,831,146,10
630,832,146,12
631,833,146,13
632,330,147,2
633,331,147,8
634,332,147,3
635,333,147,3
636,334,147,2
637,335,147,5
638,336,147,2
639,337,147,2
640,338,147,8
641,339,147,3
642,340,147,2
643,341,147,7
644,342,147,2
645,343,147,3
646,344,147,2
647,345,147,5
648,346,147,8
649,347,147,8
650,348,147,7
651,349,147,8
652,350,147,2
653,351,147,2
654,352,147,2
655,353,147,8
656,354,147,7
657,355,147,2
658,388,147,10
659,389,147,14
660,390,147,9
661,391,147,13
662,630,148,4
663,631,148,5
664,632,148,2
665,633,148,3
666,634,148,5
667,635,148,2
668,636,148,3
669,637,148,2
670,638,148,5
671,639,148,2
672,640,148,4
673,641,148,2
674,642,148,8
675,643,148,8
676,644,148,4
677,645,148,2
678,646,148,3
679,647,148,2
680,648,148,2
681,649,148,5
682,650,148,3
683,651,148,5
684,652,148,8
685,653,148,2
686,654,148,8
687,655,148,8
688,688,148,13
689,689,148,10
690,690,148,14
691,691,148,17
692,426,149,5
693,427,149,7
694,428,149,4
695,429,149,2
696,430,149,8
697,431,149,8
698,432,149,8
699,433,149,5
700,434,149,8
701,435,149,2
702,436,149,8
703,437,149,3
704,438,149,5
705,439,149,5
706,440,149,2
707,441,149,2
708,442,149,8
709,443,149,3
710,444,149,5
711,445,149,8
712,446,149,6
713,447,149,5
714,448,149,2
715,449,149,5
716,450,149,5
717,451,149,5
718,534,149,13
719,535,149,14
720,536,149,13
721,537,149,10
722,726,150,8
723,727,150,7
724,728,150,4
725,729,150,8
726,730,150,3
727,731,150,2
728,732,150,3
729,733,150,4
730,734,150,8
731,735,150,8
732,736,150,15
733,737,150,8
734,738,150,2
735,739,150,2
736,740,150,15
737,741,150,4
738,742,150,7
739,743,150,15
740,744,150,3
741,745,150,3
742,746,150,8
743,747,150,2
744,748,150,8
745,749,150,8
746,750,150,5
747,751,150,3
748,834,150,10
749,835,150,17
750,836,150,10
751,837,150,10
752,250,151,2
753,251,151,3
754,252,151,4
755,253,151,5
756,356,151,8
757,357,151,2
758,358,151,5
759,359,151,7
760,360,151,5
761,361,151,3
762,362,151,5
763,363,151,2
764,364,151,7
765,365,151,8
766,366,151,8
767,367,151,7
768,368,151,8
769,369,151,2
770,370,151,2
771,371,151,6
772,372,151,3
773,373,151,7
774,374,151,2
775,375,151,5
776,376,151,2
777,377,151,2
778,392,151,12
779,393,151,10
780,394,151,14
781,395,151,14
782,550,152,4
783,551,152,8
784,656,152,3
785,657,152,3
786,658,152,8
787,659,152,3
788,660,152,8
789,661,152,2
790,662,152,15
791,663,152,4
792,664,152,8
793,665,152,8
794,666,152,4
795,667,152,3
796,668,152,15
797,669,152,7
798,670,152,2
799,671,152,3
800,672,152,3
801,673,152,3
802,674,152,3
803,675,152,3
804,676,152,2
805,677,152,8
806,692,152,10
807,693,152,12
808,694,152,14
809,695,152,13
810,112,153,0
811,179,155,0
812,182,158,0
813,185,161,0
814,188,164,0
815,191,167,0
816,194,170,0
817,197,173,0
818,200,176,0
819,154,178,0
820,452,179,2
821,453,179,2
822,454,179,5
823,455,179,2
824,456,179,7
825,457,179,2
826,458,179,2
827,459,179,2
828,460,179,3
829,461,179,5
830,462,179,7
831,463,179,3
832,464,179,2
833,465,179,2
834,466,179,2
835,467,179,5
836,468,179,8
837,469,179,2
838,470,179,8
839,471,179,8
840,472,179,8
841,473,179,4
842,474,179,7
843,475,179,2
844,476,179,2
845,477,179,8
846,538,179,11
847,539,179,14
848,540,179,9
849,541,179,13
850,156,180,0
851,157,181,0
852,478,182,5
853,479,182,5
854,480,182,2
855,481,182,7
856,482,182,7
857,483,182,3
858,484,182,5
859,485,182,2
860,486,182,7
861,487,182,6
862,488,182,7
863,489,182,7
864,490,182,2
865,491,182,3
866,492,182,3
867,493,182,2
868,494,182,8
869,495,182,8
870,496,182,8
871,497,182,8
872,498,182,8
873,499,182,8
874,500,182,8
875,501,182,2
876,502,182,8
877,503,182,5
878,542,182,10
879,543,182,14
880,544,182,14
881,545,182,14
882,159,183,0
883,160,184,0
884,400,185,3
885,401,185,2
886,504,185,2
887,505,185,8
888,506,185,5
889,507,185,8
890,508,185,7
891,509,185,7
892,510,185,5
893,511,185,5
894,512,185,2
895,513,185,5
896,514,185,2
897,515,185,8
898,516,185,2
899,517,185,8
900,518,185,3
901,519,185,5
902,520,185,5
903,521,185,5
904,522,185,8
905,523,185,4
906,524,185,8
907,525,185,8
908,526,185,2
909,527,185,5
910,546,185,10
911,547,185,10
912,548,185,14
913,549,185,14
914,162,186,0
915,163,187,0
916,402,188,5
917,403,188,3
918,404,188,2
919,405,188,2
920,406,188,2
921,407,188,2
922,408,188,5
923,409,188,5
924,410,188,8
925,411,188,2
926,412,188,3
927,413,188,2
928,414,188,7
929,415,188,7
930,416,188,8
931,417,188,2
932,418,188,2
933,419,188,5
934,420,188,2
935,421,188,2
936,422,188,5
937,423,188,8
938,424,188,3
939,425,188,8
940,426,188,5
941,427,188,7
942,528,188,10
943,529,188,11
944,530,188,12
945,531,188,10
946,165,189,0
947,166,190,0
948,428,191,4
949,429,191,2
950,430,191,8
951,431,191,8
952,432,191,8
953,433,191,5
954,434,191,8
955,435,191,2
956,436,191,8
957,437,191,3
958,438,191,5
959,439,191,5
960,440,191,2
961,441,191,2
962,442,191,8
963,443,191,3
964,444,191,5
965,445,191,8
966,446,191,6
967,447,191,5
968,448,191,2
969,449,191,5
970,450,191,5
971,451,191,5
972,452,191,2
973,453,191,2
974,532,191,13
975,533,191,12
976,534,191,13
977,535,191,14
978,168,192,0
979,169,193,0
980,454,194,5
981,455,194,2
982,456,194,7
983,457,194,2
984,458,194,2
985,459,194,2
986,460,194,3
987,461,194,5
988,462,194,7
989,463,194,3
990,464,194,2
991,465,194,2
992,466,194,2
993,467,194,5
994,468,194,8
995,469,194,2
996,470,194,8
997,471,194,8
998,472,194,8
999,473,194,4
1000,474,194,7
1001,475,194,2
1002,476,194,2
1003,477,194,8
1004,478,194,5
1005,479,194,5
1006,536,194,13
1007,537,194,10
1008,538,194,11
1009,539,194,14
1010,171,195,0
1011,172,196,0
1012,480,197,2
1013,481,197,7
1014,482,197,7
1015,483,197,3
1016,484,197,5
1017,485,197,2
1018,486,197,7
1019,487,197,6
1020,488,197,7
1021,489,197,7
1022,490,197,2
1023,491,197,3
1024,492,197,3
1025,493,197,2
1026,494,197,8
1027,495,197,8
1028,496,197,8
1029,497,197,8
1030,498,197,8
1031,499,197,8
1032,500,197,8
1033,501,197,2
1034,502,197,8
1035,503,197,5
1036,504,197,2
1037,505,197,8
1038,540,197,9
1039,541,197,13
1040,542,197,10
1041,543,197,14
1042,174,198,0
1043,175,199,0
1044,400,200,3
1045,401,200,2
1046,402,200,5
1047,403,200,3
1048,506,200,5
1049,507,200,8
1050,508,200,7
1051,509,200,7
1052,510,200,5
1053,511,200,5
1054,512,200,2
1055,513,200,5
1056,514,200,2
1057,515,200,8
1058,516,200,2
1059,517,200,8
1060,518,200,3
1061,519,200,5
1062,520,200,5
1063,521,200,5
1064,522,200,8
1065,523,200,4
1066,524,200,8
1067,525,200,8
1068,526,200,2
1069,527,200,5
1070,544,200,14
1071,545,200,14
1072,546,200,10
1073,547,200,10
1074,177,201,0
1075,227,203,0
1076,230,206,0
1077,233,209,0
1078,236,212,0
1079,239,215,0
1080,242,218,0
1081,245,221,0
1082,248,224,0
1083,202,226,0
1084,752,227,2
1085,753,227,8
1086,754,227,2
1087,755,227,3
1088,756,227,4
1089,757,227,4
1090,758,227,4
1091,759,227,2
1092,760,227,4
1093,761,227,2
1094,762,227,2
1095,763,227,3
1096,764,227,8
1097,765,227,5
1098,766,227,5
1099,767,227,8
1100,768,227,3
1101,769,227,3
1102,770,227,3
1103,771,227,4
1104,772,227,3
1105,773,227,2
1106,774,227,3
1107,775,227,3
1108,776,227,3
1109,777,227,5
1110,838,227,18
1111,839,227,12
1112,840,227,10
1113,841,227,12
1114,204,228,0
1115,205,229,0
1116,778,230,2
1117,779,230,8
1118,780,230,8
1119,781,230,15
1120,782,230,2
1121,783,230,8
1122,784,230,5
1123,785,230,5
1124,786,230,6
1125,787,230,8
1126,788,230,8
1127,789,230,4
1128,790,230,5
1129,791,230,5
1130,792,230,2
1131,793,230,8
1132,794,230,3
1133,795,230,3
1134,796,230,8
1135,797,230,4
1136,798,230,2
1137,799,230,3
1138,800,230,2
1139,801,230,15
1140,802,230,2
1141,803,230,8
1142,842,230,17
1143,843,230,14
1144,844,230,12
1145,845,230,10
1146,207,231,0
1147,208,232,0
1148,700,233,15
1149,701,233,4
1150,804,233,5
1151,805,233,8
1152,806,233,8
1153,807,233,8
1154,808,233,7
1155,809,233,2
1156,810,233,2
1157,811,233,2
1158,812,233,8
1159,813,233,7
1160,814,233,2
1161,815,233,8
1162,816,233,3
1163,817,233,8
1164,818,233,2
1165,819,233,7
1166,820,233,8
1167,821,233,7
1168,822,233,5
1169,823,233,8
1170,824,233,8
1171,825,233,4
1172,826,233,2
1173,827,233,8
1174,846,233,17
1175,847,233,9
1176,848,233,13
1177,849,233,13
1178,210,234,0
1179,211,235,0
1180,702,236,2
1181,703,236,8
1182,704,236,3
1183,705,236,3
1184,706,236,5
1185,707,236,8
1186,708,236,8
1187,709,236,8
1188,710,236,5
1189,711,236,3
1190,712,236,4
1191,713,236,3
1192,714,236,5
1193,715,236,5
1194,716,236,8
1195,717,236,4
1196,718,236,3
1197,719,236,2
1198,720,236,8
1199,721,236,8
1200,722,236,8
1201,723,236,8
1202,724,236,2
1203,725,236,3
1204,726,236,8
1205,727,236,7
1206,828,236,14
1207,829,236,12
1208,830,236,18
1209,831,236,10
1210,213,237,0
1211,214,238,0
1212,728,239,4
1213,729,239,8
1214,730,239,3
1215,731,239,2
1216,732,239,3
1217,733,239,4
1218,734,239,8
1219,735,239,8
1220,736,239,15
1221,737,239,8
1222,738,239,2
1223,739,239,2
1224,740,239,15
1225,741,239,4
1226,742,239,7
1227,743,239,15
1228,744,239,3
1229,745,239,3
1230,746,239,8
1231,747,239,2
1232,748,239,8
1233,749,239,8
1234,750,239,5
1235,751,239,3
1236,752,239,2
1237,753,239,8
1238,832,239,12
1239,833,239,13
1240,834,239,10
1241,835,239,17
1242,216,240,0
1243,217,241,0
1244,754,242,2
1245,755,242,3
1246,756,242,4
1247,757,242,4
1248,758,242,4
1249,759,242,2
1250,760,242,4
1251,761,242,2
1252,762,242,2
1253,763,242,3
1254,764,242,8
1255,765,242,5
1256,766,242,5
1257,767,242,8
1258,768,242,3
1259,769,242,3
1260,770,242,3
1261,771,242,4
1262,772,242,3
1263,773,242,2
1264,774,242,3
1265,775,242,3
1266,776,242,3
1267,777,242,5
1268,778,242,2
1269,779,242,8
1270,836,242,10
1271,837,242,10
1272,838,242,18
1273,839,242,12
1274,219,243,0
1275,220,244,0
1276,780,245,8
1277,781,245,15
1278,782,245,2
1279,783,245,8
1280,784,245,5
1281,785,245,5
1282,786,245,6
1283,787,245,8
1284,788,245,8
1285,789,245,4
1286,790,245,5
1287,791,245,5
1288,792,245,2
1289,793,245,8
1290,794,245,3
1291,795,245,3
1292,796,245,8
1293,797,245,4
1294,798,245,2
1295,799,245,3
1296,800,245,2
1297,801,245,15
1298,802,245,2
1299,803,245,8
1300,804,245,5
1301,805,245,8
1302,840,245,10
1303,841,245,12
1304,842,245,17
1305,843,245,14
1306,222,246,0
1307,223,247,0
1308,700,248,15
1309,701,248,4
1310,702,248,2
1311,703,248,8
1312,806,248,8
1313,807,248,8
1314,808,248,7
1315,809,248,2
1316,810,248,2
1317,811,248,2
1318,812,248,8
1319,813,248,7
1320,814,248,2
1321,815,248,8
1322,816,248,3
1323,817,248,8
1324,818,248,2
1325,819,248,7
1326,820,248,8
1327,821,248,7
1328,822,248,5
1329,823,248,8
1330,824,248,8
1331,825,248,4
1332,826,248,2
1333,827,248,8
1334,844,248,12
1335,845,248,10
1336,846,248,17
1337,847,248,9
1338,225,249,0
1339,72,250,1
1340,87,250,1
1341,115,250,1
1342,135,250,1
1343,296,250,8
1344,316,250,2
1345,744,250,3
1346,782,250,2
1347,72,251,1
1348,87,251,1
1349,115,251,1
1350,135,251,1
1351,667,251,3
1352,691,251,17
1353,75,252,1
1354,90,252,1
1355,119,252,1
1356,139,252,1
1357,347,252,8
1358,358,252,5
1359,749,252,8
1360,781,252,15
1361,75,253,1
1362,90,253,1
1363,119,253,1
1364,139,253,1
1365,572,253,8
1366,595,253,4
1367,78,254,1
1368,93,254,1
1369,123,254,1
1370,143,254,1
1371,339,254,3
1372,398,254,14
1373,732,254,3
1374,763,254,3
1375,78,255,1
1376,93,255,1
1377,123,255,1
1378,143,255,1
1379,558,255,8
1380,562,255,16
1381,81,256,1
1382,127,256,1
1383,311,256,2
1384,332,256,3
1385,734,256,8
1386,807,256,8
1387,81,257,1
1388,127,257,1
1389,653,257,2
1390,670,257,2
1391,72,258,1
1392,84,258,1
1393,131,258,1
1394,251,258,3
1395,393,258,10
1396,814,258,2
1397,849,258,13
1398,72,259,1
1399,84,259,1
1400,131,259,1
1401,601,259,3
1402,631,259,5
1403,87,260,1
1404,115,260,1
1405,135,260,1
1406,360,260,5
1407,365,260,8
1408,724,260,2
1409,817,260,8
1410,87,261,1
1411,115,261,1
1412,135,261,1
1413,627,261,8
1414,644,261,4
1415,75,262,1
1416,90,262,1
1417,119,262,1
1418,139,262,1
1419,313,262,3
1420,343,262,3
1421,805,262,8
1422,832,262,12
1423,75,263,1
1424,90,263,1
1425,119,263,1
1426,139,263,1
1427,641,263,2
1428,645,263,2
1429,78,264,1
1430,93,264,1
1431,123,264,1
1432,143,264,1
1433,252,264,4
1434,372,264,3
1435,830,264,18
1436,843,264,14
1437,78,265,1
1438,93,265,1
1439,123,265,1
1440,143,265,1
1441,616,265,2
1442,677,265,8
1443,81,266,1
1444,84,266,1
1445,127,266,1
1446,331,266,8
1447,372,266,3
1448,772,266,3
1449,828,266,14
1450,81,267,1
1451,84,267,1
1452,127,267,1
1453,639,267,2
1454,657,267,3
1455,72,268,1
1456,131,268,1
1457,307,268,5
1458,347,268,8
1459,759,268,2
1460,794,268,3
1461,72,269,1
1462,131,269,1
1463,642,269,8
1464,664,269,8
1465,75,270,1
1466,87,270,1
1467,115,270,1
1468,135,270,1
1469,362,270,5
1470,375,270,5
1471,758,270,4
1472,801,270,15
1473,75,271,1
1474,87,271,1
1475,115,271,1
1476,135,271,1
1477,605,271,4
1478,644,271,4
1479,90,272,1
1480,119,272,1
1481,139,272,1
1482,266,272,7
1483,377,272,2
1484,739,272,2
1485,797,272,4
1486,90,273,1
1487,119,273,1
1488,139,273,1
1489,606,273,8
1490,699,273,13
1491,78,274,1
1492,93,274,1
1493,123,274,1
1494,143,274,1
1495,377,274,2
1496,383,274,13
1497,716,274,8
1498,780,274,8
1499,78,275,1
1500,93,275,1
1501,123,275,1
1502,143,275,1
1503,561,275,5
1504,626,275,3
1505,81,276,1
1506,84,276,1
1507,127,276,1
1508,357,276,2
1509,383,276,13
1510,752,276,2
1511,753,276,8
1512,81,277,1
1513,84,277,1
1514,127,277,1
1515,583,277,15
1516,645,277,2
1517,72,278,1
1518,87,278,1
1519,131,278,1
1520,275,278,8
1521,321,278,2
1522,718,278,3
1523,796,278,8
1524,72,279,1
1525,87,279,1
1526,131,279,1
1527,553,279,3
1528,605,279,4
1529,75,280,1
1530,115,280,1
1531,135,280,1
1532,274,280,2
1533,385,280,12
1534,726,280,8
1535,801,280,15
1536,75,281,1
1537,115,281,1
1538,135,281,1
1539,551,281,8
1540,612,281,3
1541,78,282,1
1542,90,282,1
1543,119,282,1
1544,139,282,1
1545,359,282,7
1546,711,282,3
1547,833,282,13
1548,78,283,1
1549,90,283,1
1550,119,283,1
1551,139,283,1
1552,588,283,4
1553,697,283,9
1554,93,284,1
1555,123,284,1
1556,143,284,1
1557,340,284,2
1558,370,284,2
1559,717,284,4
1560,846,284,17
1561,93,285,1
1562,123,285,1
1563,143,285,1
1564,662,285,15
1565,687,285,13
1566,81,286,1
1567,84,286,1
1568,127,286,1
1569,277,286,2
1570,309,286,2
1571,710,286,5
1572,729,286,8
1573,81,287,1
1574,84,287,1
1575,127,287,1
1576,648,287,2
1577,679,287,10
1578,72,288,1
1579,87,288,1
1580,131,288,1
1581,265,288,2
1582,326,288,8
1583,725,288,3
1584,799,288,3
1585,72,289,1
1586,87,289,1
1587,131,289,1
1588,558,289,8
1589,622,289,3
1590,75,290,1
1591,90,290,1
1592,115,290,1
1593,135,290,1
1594,308,290,2
1595,324,290,3
1596,762,290,2
1597,812,290,8
1598,75,291,1
1599,90,291,1
1600,115,291,1
1601,135,291,1
1602,677,291,8
1603,685,291,12
1604,78,292,1
1605,119,292,1
1606,139,292,1
1607,264,292,5
1608,268,292,3
1609,772,292,3
1610,789,292,4
1611,78,293,1
1612,119,293,1
1613,139,293,1
1614,559,293,8
1615,578,293,4
1616,81,294,1
1617,93,294,1
1618,123,294,1
1619,143,294,1
1620,274,294,2
1621,320,294,8
1622,701,294,4
1623,773,294,2
1624,81,295,1
1625,93,295,1
1626,123,295,1
1627,143,295,1
1628,550,295,4
1629,659,295,3
1630,84,296,1
1631,127,296,1
1632,268,296,3
1633,357,296,2
1634,737,296,8
1635,768,296,3
1636,84,297,1
1637,127,297,1
1638,604,297,3
1639,610,297,8
1640,72,298,1
1641,87,298,1
1642,115,298,1
1643,131,298,1
1644,265,298,2
1645,327,298,8
1646,754,298,2
1647,829,298,12
1648,72,299,1
1649,87,299,1
1650,115,299,1
1651,131,299,1
1652,573,299,8
1653,603,299,8
1654,75,300,1
1655,90,300,1
1656,135,300,1
1657,272,300,2
1658,350,300,2
1659,784,300,5
1660,838,300,18
1661,75,301,1
1662,90,301,1
1663,135,301,1
1664,620,301,2
1665,624,301,15
1666,78,302,1
1667,93,302,1
1668,119,302,1
1669,139,302,1
1670,258,302,2
1671,398,302,14
1672,719,302,2
1673,769,302,3
1674,78,303,1
1675,93,303,1
1676,119,303,1
1677,139,303,1
1678,555,303,4
1679,584,303,5
1680,81,304,1
1681,123,304,1
1682,143,304,1
1683,269,304,8
1684,323,304,3
1685,767,304,8
1686,811,304,2
1687,81,305,1
1688,123,305,1
1689,143,305,1
1690,624,305,15
1691,652,305,8
1692,84,306,1
1693,127,306,1
1694,131,306,1
1695,331,306,8
1696,339,306,3
1697,780,306,8
1698,848,306,13
1699,84,307,1
1700,127,307,1
1701,131,307,1
1702,552,307,15
1703,554,307,8
1704,72,308,1
1705,87,308,1
1706,115,308,1
1707,317,308,8
1708,397,308,14
1709,741,308,4
1710,849,308,13
1711,72,309,1
1712,87,309,1
1713,115,309,1
1714,643,309,8
1715,688,309,13
1716,75,310,1
1717,90,310,1
1718,119,310,1
1719,135,310,1
1720,262,310,8
1721,295,310,3
1722,727,310,7
1723,737,310,8
1724,75,311,1
1725,90,311,1
1726,119,311,1
1727,135,311,1
1728,647,311,2
1729,672,311,3
1730,78,312,1
1731,93,312,1
1732,139,312,1
1733,271,312,8
1734,396,312,13
1735,721,312,8
1736,845,312,10
1737,78,313,1
1738,93,313,1
1739,139,313,1
1740,608,313,2
1741,689,313,10
1742,81,314,1
1743,123,314,1
1744,143,314,1
1745,293,314,8
1746,392,314,12
1747,711,314,3
1748,733,314,4
1749,81,315,1
1750,123,315,1
1751,143,315,1
1752,664,315,8
1753,679,315,10
1754,84,316,1
1755,127,316,1
1756,131,316,1
1757,279,316,8
1758,361,316,3
1759,743,316,15
1760,784,316,5
1761,84,317,1
1762,127,317,1
1763,131,317,1
1764,551,317,8
1765,633,317,3
1766,72,318,1
1767,87,318,1
1768,115,318,1
1769,135,318,1
1770,257,318,5
1771,300,318,8
1772,823,318,8
1773,825,318,4
1774,72,319,1
1775,87,319,1
1776,115,319,1
1777,135,319,1
1778,656,319,3
1779,675,319,3
1780,75,320,1
1781,90,320,1
1782,119,320,1
1783,281,320,5
1784,382,320,12
1785,708,320,8
1786,834,320,10
1787,75,321,1
1788,90,321,1
1789,119,321,1
1790,560,321,4
1791,650,321,3
1792,78,322,1
1793,93,322,1
1794,123,322,1
1795,139,322,1
1796,283,322,2
1797,379,322,10
1798,733,322,4
1799,761,322,2
1800,78,323,1
1801,93,323,1
1802,123,323,1
1803,139,323,1
1804,576,323,3
1805,690,323,14
1806,81,324,1
1807,143,324,1
1808,323,324,3
1809,392,324,12
1810,728,324,4
1811,759,324,2
1812,81,325,1
1813,143,325,1
1814,574,325,15
1815,638,325,5
1816,84,326,1
1817,127,326,1
1818,131,326,1
1819,304,326,8
1820,378,326,9
1821,795,326,3
1822,841,326,12
1823,84,327,1
1824,127,327,1
1825,131,327,1
1826,554,327,8
1827,678,327,10
1828,72,328,1
1829,87,328,1
1830,115,328,1
1831,135,328,1
1832,330,328,2
1833,345,328,5
1834,731,328,2
1835,806,328,8
1836,72,329,1
1837,87,329,1
1838,115,329,1
1839,135,329,1
1840,580,329,8
1841,658,329,8
1842,75,330,1
1843,90,330,1
1844,119,330,1
1845,139,330,1
1846,327,330,8
1847,376,330,2
1848,724,330,2
1849,835,330,17
1850,75,331,1
1851,90,331,1
1852,119,331,1
1853,139,331,1
1854,652,331,8
1855,673,331,3
1856,78,332,1
1857,93,332,1
1858,123,332,1
1859,289,332,2
1860,295,332,3
1861,754,332,2
1862,846,332,17
1863,78,333,1
1864,93,333,1
1865,123,333,1
1866,598,333,4
1867,622,333,3
1868,81,334,1
1869,127,334,1
1870,143,334,1
1871,386,334,14
1872,388,334,10
1873,740,334,15
1874,842,334,17
1875,81,335,1
1876,127,335,1
1877,143,335,1
1878,581,335,8
1879,628,335,8
1880,84,336,1
1881,131,336,1
1882,262,336,8
1883,346,336,8
1884,755,336,3
1885,824,336,8
1886,84,337,1
1887,131,337,1
1888,572,337,8
1889,635,337,2
1890,72,338,1
1891,87,338,1
1892,115,338,1
1893,135,338,1
1894,312,338,2
1895,353,338,8
1896,735,338,8
1897,810,338,2
1898,72,339,1
1899,87,339,1
1900,115,339,1
1901,135,339,1
1902,583,339,15
1903,601,339,3
1904,75,340,1
1905,90,340,1
1906,119,340,1
1907,139,340,1
1908,291,340,5
1909,397,340,14
1910,703,340,8
1911,800,340,2
1912,75,341,1
1913,90,341,1
1914,119,341,1
1915,139,341,1
1916,590,341,8
1917,596,341,7
1918,78,342,1
1919,93,342,1
1920,123,342,1
1921,143,342,1
1922,330,342,2
1923,365,342,8
1924,720,342,8
1925,789,342,4
1926,78,343,1
1927,93,343,1
1928,123,343,1
1929,143,343,1
1930,555,343,4
1931,629,343,8
1932,81,344,1
1933,127,344,1
1934,260,344,8
1935,298,344,5
1936,777,344,5
1937,785,344,5
1938,81,345,1
1939,127,345,1
1940,630,345,4
1941,674,345,3
1942,84,346,1
1943,131,346,1
1944,263,346,8
1945,394,346,14
1946,700,346,15
1947,771,346,4
1948,84,347,1
1949,131,347,1
1950,632,347,2
1951,667,347,3
1952,72,348,1
1953,87,348,1
1954,115,348,1
1955,135,348,1
1956,290,348,7
1957,399,348,14
1958,752,348,2
1959,813,348,7
1960,72,349,1
1961,87,349,1
1962,115,349,1
1963,135,349,1
1964,672,349,3
1965,698,349,14
1966,75,350,1
1967,90,350,1
1968,119,350,1
1969,139,350,1
1970,284,350,2
1971,297,350,8
1972,700,350,15
1973,760,350,4
1974,75,351,1
1975,90,351,1
1976,119,351,1
1977,139,351,1
1978,621,351,8
1979,698,351,14
1980,78,352,1
1981,93,352,1
1982,123,352,1
1983,143,352,1
1984,333,352,3
1985,374,352,2
1986,770,352,3
1987,778,352,2
1988,78,353,1
1989,93,353,1
1990,123,353,1
1991,143,353,1
1992,646,353,3
1993,680,353,12
1994,81,354,1
1995,127,354,1
1996,284,354,2
1997,391,354,13
1998,756,354,4
1999,816,354,3
2000,81,355,1
2001,127,355,1
2002,560,355,4
2003,582,355,3
2004,84,356,1
2005,131,356,1
2006,292,356,2
2007,319,356,3
2008,757,356,4
2009,798,356,2
2010,84,357,1
2011,131,357,1
2012,580,357,8
2013,611,357,8
2014,72,358,1
2015,87,358,1
2016,115,358,1
2017,135,358,1
2018,285,358,3
2019,314,358,5
2020,787,358,8
2021,823,358,8
2022,72,359,1
2023,87,359,1
2024,115,359,1
2025,135,359,1
2026,557,359,2
2027,653,359,2
2028,75,360,1
2029,90,360,1
2030,119,360,1
2031,139,360,1
2032,276,360,2
2033,334,360,2
2034,774,360,3
2035,783,360,8
2036,75,361,1
2037,90,361,1
2038,119,361,1
2039,139,361,1
2040,671,361,3
2041,674,361,3
2042,78,362,1
2043,93,362,1
2044,123,362,1
2045,143,362,1
2046,336,362,2
2047,364,362,7
2048,701,362,4
2049,736,362,15
2050,78,363,1
2051,93,363,1
2052,123,363,1
2053,143,363,1
2054,663,363,4
2055,675,363,3
2056,81,364,1
2057,127,364,1
2058,318,364,8
2059,319,364,3
2060,782,364,2
2061,820,364,8
2062,81,365,1
2063,127,365,1
2064,568,365,2
2065,692,365,10
2066,84,366,1
2067,131,366,1
2068,332,366,3
2069,351,366,2
2070,756,366,4
2071,825,366,4
2072,84,367,1
2073,131,367,1
2074,576,367,3
2075,618,367,3
2076,72,368,1
2077,87,368,1
2078,115,368,1
2079,135,368,1
2080,261,368,5
2081,273,368,7
2082,730,368,3
2083,753,368,8
2084,72,369,1
2085,87,369,1
2086,115,369,1
2087,135,369,1
2088,552,369,15
2089,592,369,4
2090,75,370,1
2091,90,370,1
2092,119,370,1
2093,139,370,1
2094,252,370,4
2095,317,370,8
2096,743,370,15
2097,836,370,10
2098,75,371,1
2099,90,371,1
2100,119,371,1
2101,139,371,1
2102,615,371,2
2103,651,371,5
2104,78,372,1
2105,93,372,1
2106,123,372,1
2107,143,372,1
2108,277,372,2
2109,280,372,8
2110,774,372,3
2111,805,372,8
2112,78,373,1
2113,93,373,1
2114,123,373,1
2115,143,373,1
2116,562,373,16
2117,661,373,2
2118,81,374,1
2119,127,374,1
2120,328,374,5
2121,343,374,3
2122,704,374,3
2123,717,374,4
2124,81,375,1
2125,127,375,1
2126,681,375,14
2127,693,375,12
2128,84,376,1
2129,131,376,1
2130,267,376,8
2131,368,376,8
2132,709,376,8
2133,842,376,17
2134,84,377,1
2135,131,377,1
2136,553,377,3
2137,557,377,2
2138,340,378,2
2139,342,378,2
2140,751,378,3
2141,773,378,2
2142,564,379,3
2143,648,379,2
2144,349,380,8
2145,356,380,8
2146,707,380,8
2147,815,380,8
2148,600,381,5
2149,640,381,4
2150,251,382,3
2151,333,382,3
2152,713,382,3
2153,771,382,4
2154,556,383,8
2155,680,383,12
2156,259,384,2
2157,269,384,8
2158,730,384,3
2159,788,384,8
2160,563,385,8
2161,604,385,3
2162,337,386,2
2163,387,386,13
2164,705,386,3
2165,793,386,8
2166,578,387,4
2167,673,387,3
2168,310,388,2
2169,369,388,2
2170,713,388,3
2171,760,388,4
2172,571,389,2
2173,646,389,3
2174,344,390,2
2175,380,390,10
2176,749,390,8
2177,839,390,12
2178,561,391,5
2179,589,391,2
2180,344,392,2
2181,380,392,10
2182,779,392,8
2183,802,392,2
2184,617,393,4
2185,660,393,8
2186,285,394,3
2187,303,394,3
2188,734,394,8
2189,818,394,2
2190,668,395,15
2191,696,395,14
2192,294,396,8
2193,348,396,7
2194,830,396,18
2195,838,396,18
2196,566,397,8
2197,587,397,8
2198,335,398,5
2199,374,398,2
2200,781,398,15
2201,794,398,3
2202,597,399,8
2203,617,399,4
2204,117,400,1
2205,137,400,1
2206,181,400,1
2207,196,400,1
2208,421,400,2
2209,491,400,3
2210,721,400,8
2211,728,400,4
2212,117,401,1
2213,137,401,1
2214,181,401,1
2215,196,401,1
2216,625,401,5
2217,637,401,2
2218,113,402,1
2219,133,402,1
2220,178,402,1
2221,193,402,1
2222,460,402,3
2223,500,402,8
2224,825,402,4
2225,831,402,10
2226,113,403,1
2227,133,403,1
2228,178,403,1
2229,193,403,1
2230,621,403,8
2231,631,403,5
2232,125,404,1
2233,187,404,1
2234,434,404,8
2235,449,404,5
2236,743,404,15
2237,823,404,8
2238,125,405,1
2239,187,405,1
2240,603,405,8
2241,692,405,10
2242,121,406,1
2243,141,406,1
2244,184,406,1
2245,199,406,1
2246,425,406,8
2247,537,406,10
2248,744,406,3
2249,830,406,18
2250,121,407,1
2251,141,407,1
2252,184,407,1
2253,199,407,1
2254,554,407,8
2255,685,407,12
2256,133,408,1
2257,178,408,1
2258,193,408,1
2259,496,408,8
2260,500,408,8
2261,793,408,8
2262,837,408,10
2263,133,409,1
2264,178,409,1
2265,193,409,1
2266,583,409,15
2267,586,409,3
2268,113,410,1
2269,129,410,1
2270,190,410,1
2271,518,410,3
2272,549,410,14
2273,730,410,3
2274,834,410,10
2275,113,411,1
2276,129,411,1
2277,190,411,1
2278,582,411,3
2279,686,411,10
2280,121,412,1
2281,141,412,1
2282,184,412,1
2283,199,412,1
2284,531,412,10
2285,542,412,10
2286,702,412,2
2287,826,412,2
2288,121,413,1
2289,141,413,1
2290,184,413,1
2291,199,413,1
2292,560,413,4
2293,685,413,12
2294,117,414,1
2295,137,414,1
2296,181,414,1
2297,196,414,1
2298,424,414,3
2299,539,414,14
2300,717,414,4
2301,768,414,3
2302,117,415,1
2303,137,415,1
2304,181,415,1
2305,196,415,1
2306,552,415,15
2307,677,415,8
2308,113,416,1
2309,190,416,1
2310,469,416,2
2311,475,416,2
2312,788,416,8
2313,839,416,12
2314,113,417,1
2315,190,417,1
2316,623,417,2
2317,644,417,4
2318,125,418,1
2319,129,418,1
2320,187,418,1
2321,439,418,5
2322,526,418,2
2323,757,418,4
2324,844,418,12
2325,125,419,1
2326,129,419,1
2327,187,419,1
2328,565,419,8
2329,643,419,8
2330,137,420,1
2331,181,420,1
2332,196,420,1
2333,440,420,2
2334,476,420,2
2335,701,420,4
2336,835,420,17
2337,137,421,1
2338,181,421,1
2339,196,421,1
2340,595,421,4
2341,656,421,3
2342,117,422,1
2343,133,422,1
2344,178,422,1
2345,193,422,1
2346,494,422,8
2347,511,422,5
2348,725,422,3
2349,838,422,18
2350,117,423,1
2351,133,423,1
2352,178,423,1
2353,193,423,1
2354,624,423,15
2355,657,423,3
2356,125,424,1
2357,129,424,1
2358,187,424,1
2359,402,424,5
2360,527,424,5
2361,723,424,8
2362,846,424,17
2363,125,425,1
2364,129,425,1
2365,187,425,1
2366,587,425,8
2367,599,425,3
2368,121,426,1
2369,141,426,1
2370,184,426,1
2371,199,426,1
2372,477,426,8
2373,532,426,13
2374,731,426,2
2375,827,426,8
2376,121,427,1
2377,141,427,1
2378,184,427,1
2379,199,427,1
2380,568,427,2
2381,586,427,3
2382,117,428,1
2383,178,428,1
2384,193,428,1
2385,497,428,8
2386,528,428,10
2387,769,428,3
2388,832,428,12
2389,117,429,1
2390,178,429,1
2391,193,429,1
2392,574,429,15
2393,610,429,8
2394,113,430,1
2395,133,430,1
2396,190,430,1
2397,485,430,2
2398,491,430,3
2399,748,430,8
2400,830,430,18
2401,113,431,1
2402,133,431,1
2403,190,431,1
2404,651,431,5
2405,658,431,8
2406,141,432,1
2407,184,432,1
2408,199,432,1
2409,430,432,8
2410,473,432,4
2411,775,432,3
2412,801,432,15
2413,141,433,1
2414,184,433,1
2415,199,433,1
2416,564,433,3
2417,654,433,8
2418,121,434,1
2419,137,434,1
2420,181,434,1
2421,196,434,1
2422,444,434,5
2423,475,434,2
2424,796,434,8
2425,833,434,13
2426,121,435,1
2427,137,435,1
2428,181,435,1
2429,196,435,1
2430,686,435,10
2431,695,435,13
2432,113,436,1
2433,133,436,1
2434,190,436,1
2435,423,436,8
2436,502,436,8
2437,700,436,15
2438,817,436,8
2439,113,437,1
2440,133,437,1
2441,190,437,1
2442,570,437,2
2443,591,437,2
2444,125,438,1
2445,129,438,1
2446,187,438,1
2447,437,438,3
2448,453,438,2
2449,717,438,4
2450,745,438,3
2451,125,439,1
2452,129,439,1
2453,187,439,1
2454,595,439,4
2455,668,439,15
2456,121,440,1
2457,181,440,1
2458,196,440,1
2459,420,440,2
2460,451,440,5
2461,815,440,8
2462,816,440,3
2463,121,441,1
2464,181,441,1
2465,196,441,1
2466,607,441,3
2467,612,441,3
2468,117,442,1
2469,137,442,1
2470,178,442,1
2471,193,442,1
2472,433,442,5
2473,536,442,13
2474,724,442,2
2475,775,442,3
2476,117,443,1
2477,137,443,1
2478,178,443,1
2479,193,443,1
2480,570,443,2
2481,667,443,3
2482,129,444,1
2483,187,444,1
2484,498,444,8
2485,523,444,4
2486,785,444,5
2487,824,444,8
2488,129,445,1
2489,187,445,1
2490,577,445,5
2491,684,445,14
2492,125,446,1
2493,141,446,1
2494,184,446,1
2495,199,446,1
2496,441,446,2
2497,452,446,2
2498,799,446,3
2499,841,446,12
2500,125,447,1
2501,141,447,1
2502,184,447,1
2503,199,447,1
2504,619,447,5
2505,680,447,12
2506,117,448,1
2507,137,448,1
2508,193,448,1
2509,429,448,2
2510,513,448,5
2511,751,448,3
2512,809,448,2
2513,117,449,1
2514,137,449,1
2515,193,449,1
2516,604,449,3
2517,680,449,12
2518,113,450,1
2519,133,450,1
2520,178,450,1
2521,190,450,1
2522,483,450,3
2523,512,450,2
2524,708,450,8
2525,733,450,4
2526,113,451,1
2527,133,451,1
2528,178,451,1
2529,190,451,1
2530,592,451,4
2531,625,451,5
2532,125,452,1
2533,184,452,1
2534,199,452,1
2535,408,452,5
2536,473,452,4
2537,776,452,3
2538,779,452,8
2539,125,453,1
2540,184,453,1
2541,199,453,1
2542,556,453,8
2543,668,453,15
2544,121,454,1
2545,141,454,1
2546,181,454,1
2547,196,454,1
2548,505,454,8
2549,535,454,14
2550,771,454,4
2551,842,454,17
2552,121,455,1
2553,141,455,1
2554,181,455,1
2555,196,455,1
2556,597,455,8
2557,640,455,4
2558,113,456,1
2559,133,456,1
2560,178,456,1
2561,456,456,7
2562,493,456,2
2563,794,456,3
2564,797,456,4
2565,113,457,1
2566,133,457,1
2567,178,457,1
2568,656,457,3
2569,698,457,14
2570,129,458,1
2571,187,458,1
2572,190,458,1
2573,435,458,2
2574,507,458,8
2575,706,458,5
2576,836,458,10
2577,129,459,1
2578,187,459,1
2579,190,459,1
2580,609,459,2
2581,637,459,2
2582,121,460,1
2583,141,460,1
2584,196,460,1
2585,517,460,8
2586,547,460,10
2587,710,460,5
2588,781,460,15
2589,121,461,1
2590,141,461,1
2591,196,461,1
2592,552,461,15
2593,605,461,4
2594,117,462,1
2595,137,462,1
2596,181,462,1
2597,193,462,1
2598,478,462,5
2599,547,462,10
2600,757,462,4
2601,778,462,2
2602,117,463,1
2603,137,463,1
2604,181,463,1
2605,193,463,1
2606,641,463,2
2607,660,463,8
2608,129,464,1
2609,187,464,1
2610,190,464,1
2611,499,464,8
2612,541,464,13
2613,704,464,3
2614,716,464,8
2615,129,465,1
2616,187,465,1
2617,190,465,1
2618,628,465,8
2619,664,465,8
2620,125,466,1
2621,184,466,1
2622,199,466,1
2623,400,466,3
2624,549,466,14
2625,774,466,3
2626,837,466,10
2627,125,467,1
2628,184,467,1
2629,199,467,1
2630,611,467,8
2631,660,467,8
2632,117,468,1
2633,137,468,1
2634,181,468,1
2635,458,468,2
2636,463,468,3
2637,760,468,4
2638,795,468,3
2639,117,469,1
2640,137,469,1
2641,181,469,1
2642,630,469,4
2643,663,469,4
2644,113,470,1
2645,133,470,1
2646,178,470,1
2647,193,470,1
2648,450,470,5
2649,477,470,8
2650,797,470,4
2651,810,470,2
2652,113,471,1
2653,133,471,1
2654,178,471,1
2655,193,471,1
2656,633,471,3
2657,694,471,14
2658,125,472,1
2659,199,472,1
2660,443,472,3
2661,522,472,8
2662,804,472,5
2663,844,472,12
2664,125,473,1
2665,199,473,1
2666,574,473,15
2667,618,473,3
2668,121,474,1
2669,141,474,1
2670,184,474,1
2671,196,474,1
2672,412,474,3
2673,464,474,2
2674,791,474,5
2675,798,474,2
2676,121,475,1
2677,141,475,1
2678,184,475,1
2679,196,475,1
2680,611,475,8
2681,666,475,4
2682,113,476,1
2683,133,476,1
2684,178,476,1
2685,193,476,1
2686,447,476,5
2687,460,476,3
2688,749,476,8
2689,756,476,4
2690,113,477,1
2691,133,477,1
2692,178,477,1
2693,193,477,1
2694,576,477,3
2695,590,477,8
2696,129,478,1
2697,187,478,1
2698,190,478,1
2699,497,478,8
2700,502,478,8
2701,741,478,4
2702,849,478,13
2703,129,479,1
2704,187,479,1
2705,190,479,1
2706,564,479,3
2707,696,479,14
2708,121,480,1
2709,141,480,1
2710,184,480,1
2711,416,480,8
2712,429,480,2
2713,733,480,4
2714,767,480,8
2715,121,481,1
2716,141,481,1
2717,184,481,1
2718,555,481,4
2719,606,481,8
2720,117,482,1
2721,137,482,1
2722,181,482,1
2723,196,482,1
2724,428,482,4
2725,432,482,8
2726,754,482,2
2727,845,482,10
2728,117,483,1
2729,137,483,1
2730,181,483,1
2731,196,483,1
2732,659,483,3
2733,129,484,1
2734,190,484,1
2735,413,484,2
2736,472,484,8
2737,736,484,15
2738,824,484,8
2739,129,485,1
2740,190,485,1
2741,601,485,3
2742,624,485,15
2743,125,486,1
2744,187,486,1
2745,199,486,1
2746,431,486,8
2747,465,486,2
2748,740,486,15
2749,742,486,7
2750,125,487,1
2751,187,487,1
2752,199,487,1
2753,616,487,2
2754,638,487,5
2755,117,488,1
2756,137,488,1
2757,181,488,1
2758,196,488,1
2759,522,488,8
2760,533,488,12
2761,741,488,4
2762,776,488,3
2763,117,489,1
2764,137,489,1
2765,181,489,1
2766,196,489,1
2767,606,489,8
2768,610,489,8
2769,113,490,1
2770,133,490,1
2771,178,490,1
2772,193,490,1
2773,415,490,7
2774,531,490,10
2775,743,490,15
2776,801,490,15
2777,113,491,1
2778,133,491,1
2779,178,491,1
2780,193,491,1
2781,581,491,8
2782,617,491,4
2783,125,492,1
2784,187,492,1
2785,439,492,5
2786,548,492,14
2787,735,492,8
2788,764,492,8
2789,125,493,1
2790,187,493,1
2791,553,493,3
2792,676,493,2
2793,121,494,1
2794,141,494,1
2795,184,494,1
2796,199,494,1
2797,431,494,8
2798,505,494,8
2799,806,494,8
2800,811,494,2
2801,121,495,1
2802,141,495,1
2803,184,495,1
2804,199,495,1
2805,588,495,4
2806,594,495,2
2807,113,496,1
2808,133,496,1
2809,178,496,1
2810,193,496,1
2811,438,496,5
2812,470,496,8
2813,712,496,4
2814,829,496,12
2815,113,497,1
2816,133,497,1
2817,178,497,1
2818,193,497,1
2819,622,497,3
2820,678,497,10
2821,129,498,1
2822,190,498,1
2823,463,498,3
2824,492,498,3
2825,788,498,8
2826,834,498,10
2827,129,499,1
2828,190,499,1
2829,655,499,8
2830,665,499,8
2831,121,500,1
2832,141,500,1
2833,184,500,1
2834,199,500,1
2835,530,500,12
2836,545,500,14
2837,718,500,3
2838,740,500,15
2839,121,501,1
2840,141,501,1
2841,184,501,1
2842,199,501,1
2843,601,501,3
2844,636,501,3
2845,117,502,1
2846,137,502,1
2847,181,502,1
2848,196,502,1
2849,426,502,5
2850,480,502,2
2851,720,502,8
2852,770,502,3
2853,117,503,1
2854,137,503,1
2855,181,503,1
2856,196,503,1
2857,635,503,2
2858,662,503,15
2859,129,504,1
2860,190,504,1
2861,445,504,8
2862,530,504,12
2863,704,504,3
2864,807,504,8
2865,129,505,1
2866,190,505,1
2867,620,505,2
2868,627,505,8
2869,125,506,1
2870,187,506,1
2871,455,506,2
2872,506,506,5
2873,709,506,8
2874,748,506,8
2875,125,507,1
2876,187,507,1
2877,630,507,4
2878,636,507,3
2879,117,508,1
2880,137,508,1
2881,181,508,1
2882,196,508,1
2883,417,508,2
2884,544,508,14
2885,715,508,5
2886,746,508,8
2887,117,509,1
2888,137,509,1
2889,181,509,1
2890,196,509,1
2891,583,509,15
2892,682,509,12
2893,113,510,1
2894,133,510,1
2895,178,510,1
2896,193,510,1
2897,470,510,8
2898,524,510,8
2899,818,510,2
2900,840,510,10
2901,113,511,1
2902,133,511,1
2903,178,511,1
2904,193,511,1
2905,652,511,8
2906,666,511,4
2907,125,512,1
2908,187,512,1
2909,403,512,3
2910,434,512,8
2911,723,512,8
2912,774,512,3
2913,125,513,1
2914,187,513,1
2915,646,513,3
2916,675,513,3
2917,121,514,1
2918,141,514,1
2919,184,514,1
2920,199,514,1
2921,406,514,2
2922,476,514,2
2923,721,514,8
2924,745,514,3
2925,121,515,1
2926,141,515,1
2927,184,515,1
2928,199,515,1
2929,649,515,5
2930,650,515,3
2931,113,516,1
2932,133,516,1
2933,178,516,1
2934,193,516,1
2935,436,516,8
2936,499,516,8
2937,711,516,3
2938,838,516,18
2939,113,517,1
2940,133,517,1
2941,178,517,1
2942,193,517,1
2943,619,517,5
2944,663,517,4
2945,129,518,1
2946,190,518,1
2947,440,518,2
2948,504,518,2
2949,787,518,8
2950,842,518,17
2951,129,519,1
2952,190,519,1
2953,578,519,4
2954,603,519,8
2955,121,520,1
2956,141,520,1
2957,184,520,1
2958,199,520,1
2959,457,520,2
2960,493,520,2
2961,734,520,8
2962,763,520,3
2963,121,521,1
2964,141,521,1
2965,184,521,1
2966,199,521,1
2967,598,521,4
2968,693,521,12
2969,117,522,1
2970,137,522,1
2971,181,522,1
2972,196,522,1
2973,448,522,2
2974,542,522,10
2975,722,522,8
2976,789,522,4
2977,117,523,1
2978,137,523,1
2979,181,523,1
2980,196,523,1
2981,571,523,2
2982,593,523,2
2983,129,524,1
2984,190,524,1
2985,448,524,2
2986,515,524,8
2987,762,524,2
2988,831,524,10
2989,129,525,1
2990,190,525,1
2991,598,525,4
2992,602,525,2
2993,125,526,1
2994,187,526,1
2995,401,526,2
2996,490,526,2
2997,705,526,3
2998,798,526,2
2999,125,527,1
3000,187,527,1
3001,592,527,4
3002,623,527,2
3003,423,528,8
3004,495,528,8
3005,751,528,3
3006,763,528,3
3007,562,529,16
3008,578,529,4
3009,483,530,3
3010,548,530,14
3011,726,530,8
3012,820,530,8
3013,622,531,3
3014,662,531,15
3015,432,532,8
3016,523,532,4
3017,738,532,2
3018,758,532,4
3019,672,533,3
3020,674,533,3
3021,425,534,8
3022,466,534,2
3023,790,534,5
3024,799,534,3
3025,558,535,8
3026,691,535,17
3027,403,536,3
3028,418,536,2
3029,712,536,4
3030,807,536,8
3031,587,537,8
3032,588,537,4
3033,428,538,4
3034,437,538,3
3035,736,538,15
3036,829,538,12
3037,608,539,2
3038,690,539,14
3039,411,540,2
3040,445,540,8
3041,705,540,3
3042,747,540,2
3043,550,541,4
3044,626,541,3
3045,405,542,2
3046,461,542,5
3047,716,542,8
3048,832,542,12
3049,562,543,16
3050,634,543,5
3051,468,544,8
3052,507,544,8
3053,732,544,3
3054,809,544,2
3055,629,545,8
3056,691,545,17
3057,517,546,8
3058,546,546,10
3059,714,546,5
3060,803,546,8
3061,599,547,3
3062,602,547,2
3063,459,548,2
3064,501,548,2
3065,806,548,8
3066,839,548,12
3067,585,549,2
3068,671,549,3
3069,24,550,1
3070,39,550,1
3071,116,550,1
3072,136,550,1
3073,440,550,2
3074,470,550,8
3075,599,550,3
3076,654,550,8
3077,24,551,1
3078,39,551,1
3079,116,551,1
3080,136,551,1
3081,303,551,3
3082,326,551,8
3083,586,551,3
3084,609,551,2
3085,27,552,1
3086,42,552,1
3087,120,552,1
3088,140,552,1
3089,436,552,8
3090,533,552,12
3091,560,552,4
3092,594,552,2
3093,27,553,1
3094,42,553,1
3095,120,553,1
3096,140,553,1
3097,363,553,2
3098,369,553,2
3099,595,553,4
3100,603,553,8
3101,30,554,1
3102,45,554,1
3103,124,554,1
3104,144,554,1
3105,432,554,8
3106,463,554,3
3107,646,554,3
3108,666,554,4
3109,30,555,1
3110,45,555,1
3111,124,555,1
3112,144,555,1
3113,309,555,2
3114,399,555,14
3115,667,555,3
3116,682,555,12
3117,33,556,1
3118,128,556,1
3119,514,556,2
3120,523,556,4
3121,586,556,3
3122,687,556,13
3123,33,557,1
3124,128,557,1
3125,270,557,5
3126,384,557,13
3127,592,557,4
3128,655,557,8
3129,36,558,1
3130,132,558,1
3131,472,558,8
3132,530,558,12
3133,569,558,8
3134,593,558,2
3135,36,559,1
3136,132,559,1
3137,387,559,13
3138,391,559,13
3139,553,559,3
3140,606,559,8
3141,24,560,1
3142,39,560,1
3143,116,560,1
3144,136,560,1
3145,473,560,4
3146,499,560,8
3147,640,560,4
3148,663,560,4
3149,24,561,1
3150,39,561,1
3151,116,561,1
3152,136,561,1
3153,275,561,8
3154,334,561,2
3155,554,561,8
3156,641,561,2
3157,27,562,1
3158,42,562,1
3159,120,562,1
3160,140,562,1
3161,482,562,7
3162,546,562,10
3163,607,562,3
3164,620,562,2
3165,27,563,1
3166,42,563,1
3167,120,563,1
3168,140,563,1
3169,280,563,8
3170,352,563,2
3171,650,563,3
3172,673,563,3
3173,30,564,1
3174,45,564,1
3175,124,564,1
3176,144,564,1
3177,524,564,8
3178,530,564,12
3179,565,564,8
3180,570,564,2
3181,30,565,1
3182,45,565,1
3183,124,565,1
3184,144,565,1
3185,295,565,3
3186,296,565,8
3187,580,565,8
3188,658,565,8
3189,33,566,1
3190,128,566,1
3191,498,566,8
3192,522,566,8
3193,666,566,4
3194,697,566,9
3195,33,567,1
3196,128,567,1
3197,309,567,2
3198,320,567,8
3199,565,567,8
3200,644,567,4
3201,36,568,1
3202,132,568,1
3203,444,568,5
3204,469,568,2
3205,587,568,8
3206,649,568,5
3207,36,569,1
3208,132,569,1
3209,331,569,8
3210,345,569,5
3211,575,569,2
3212,621,569,8
3213,24,570,1
3214,39,570,1
3215,116,570,1
3216,136,570,1
3217,412,570,3
3218,528,570,10
3219,612,570,3
3220,670,570,2
3221,24,571,1
3222,39,571,1
3223,116,571,1
3224,136,571,1
3225,300,571,8
3226,335,571,5
3227,562,571,16
3228,585,571,2
3229,27,572,1
3230,42,572,1
3231,120,572,1
3232,140,572,1
3233,424,572,3
3234,496,572,8
3235,580,572,8
3236,664,572,8
3237,27,573,1
3238,42,573,1
3239,120,573,1
3240,140,573,1
3241,336,573,2
3242,343,573,3
3243,599,573,3
3244,660,573,8
3245,30,574,1
3246,45,574,1
3247,124,574,1
3248,144,574,1
3249,412,574,3
3250,454,574,5
3251,642,574,8
3252,676,574,2
3253,30,575,1
3254,45,575,1
3255,124,575,1
3256,144,575,1
3257,281,575,5
3258,282,575,2
3259,684,575,14
3260,685,575,12
3261,33,576,1
3262,128,576,1
3263,488,576,7
3264,491,576,3
3265,568,576,2
3266,650,576,3
3267,33,577,1
3268,128,577,1
3269,265,577,2
3270,279,577,8
3271,563,577,8
3272,674,577,3
3273,24,578,1
3274,36,578,1
3275,132,578,1
3276,410,578,8
3277,443,578,3
3278,626,578,3
3279,643,578,8
3280,24,579,1
3281,36,579,1
3282,132,579,1
3283,330,579,2
3284,355,579,2
3285,575,579,2
3286,645,579,2
3287,39,580,1
3288,116,580,1
3289,136,580,1
3290,485,580,2
3291,543,580,14
3292,607,580,3
3293,643,580,8
3294,39,581,1
3295,116,581,1
3296,136,581,1
3297,304,581,8
3298,314,581,5
3299,574,581,15
3300,691,581,17
3301,27,582,1
3302,42,582,1
3303,120,582,1
3304,140,582,1
3305,430,582,8
3306,542,582,10
3307,583,582,15
3308,665,582,8
3309,27,583,1
3310,42,583,1
3311,120,583,1
3312,140,583,1
3313,263,583,8
3314,303,583,3
3315,600,583,5
3316,659,583,3
3317,30,584,1
3318,45,584,1
3319,124,584,1
3320,144,584,1
3321,429,584,2
3322,525,584,8
3323,563,584,8
3324,640,584,4
3325,30,585,1
3326,45,585,1
3327,124,585,1
3328,144,585,1
3329,279,585,8
3330,379,585,10
3331,569,585,8
3332,589,585,2
3333,33,586,1
3334,36,586,1
3335,128,586,1
3336,400,586,3
3337,428,586,4
3338,656,586,3
3339,688,586,13
3340,33,587,1
3341,36,587,1
3342,128,587,1
3343,350,587,2
3344,380,587,10
3345,640,587,4
3346,657,587,3
3347,24,588,1
3348,132,588,1
3349,481,588,7
3350,493,588,2
3351,550,588,4
3352,604,588,3
3353,24,589,1
3354,132,589,1
3355,276,589,2
3356,355,589,2
3357,552,589,15
3358,622,589,3
3359,27,590,1
3360,39,590,1
3361,116,590,1
3362,136,590,1
3363,479,590,5
3364,518,590,3
3365,680,590,12
3366,693,590,12
3367,27,591,1
3368,39,591,1
3369,116,591,1
3370,136,591,1
3371,294,591,8
3372,312,591,2
3373,567,591,7
3374,610,591,8
3375,42,592,1
3376,120,592,1
3377,140,592,1
3378,492,592,3
3379,535,592,14
3380,623,592,2
3381,690,592,14
3382,42,593,1
3383,120,593,1
3384,140,593,1
3385,327,593,8
3386,389,593,14
3387,627,593,8
3388,689,593,10
3389,30,594,1
3390,45,594,1
3391,124,594,1
3392,144,594,1
3393,422,594,5
3394,548,594,14
3395,584,594,5
3396,30,595,1
3397,45,595,1
3398,124,595,1
3399,144,595,1
3400,339,595,3
3401,356,595,8
3402,618,595,3
3403,673,595,3
3404,33,596,1
3405,36,596,1
3406,128,596,1
3407,477,596,8
3408,546,596,10
3409,552,596,15
3410,695,596,13
3411,33,597,1
3412,36,597,1
3413,128,597,1
3414,352,597,2
3415,393,597,10
3416,668,597,15
3417,684,597,14
3418,24,598,1
3419,39,598,1
3420,132,598,1
3421,420,598,2
3422,430,598,8
3423,590,598,8
3424,674,598,3
3425,24,599,1
3426,39,599,1
3427,132,599,1
3428,285,599,3
3429,292,599,2
3430,582,599,3
3431,665,599,8
3432,27,600,1
3433,116,600,1
3434,136,600,1
3435,403,600,3
3436,465,600,2
3437,556,600,8
3438,691,600,17
3439,27,601,1
3440,116,601,1
3441,136,601,1
3442,324,601,3
3443,392,601,12
3444,663,601,4
3445,681,601,14
3446,30,602,1
3447,42,602,1
3448,120,602,1
3449,140,602,1
3450,416,602,8
3451,464,602,2
3452,574,602,15
3453,661,602,2
3454,30,603,1
3455,42,603,1
3456,120,603,1
3457,140,603,1
3458,291,603,5
3459,398,603,14
3460,555,603,4
3461,574,603,15
3462,45,604,1
3463,124,604,1
3464,144,604,1
3465,432,604,8
3466,526,604,2
3467,579,604,2
3468,686,604,10
3469,45,605,1
3470,124,605,1
3471,144,605,1
3472,333,605,3
3473,342,605,2
3474,597,605,8
3475,642,605,8
3476,33,606,1
3477,36,606,1
3478,128,606,1
3479,463,606,3
3480,547,606,10
3481,579,606,2
3482,686,606,10
3483,33,607,1
3484,36,607,1
3485,128,607,1
3486,313,607,3
3487,343,607,3
3488,617,607,4
3489,698,607,14
3490,24,608,1
3491,39,608,1
3492,132,608,1
3493,437,608,3
3494,462,608,7
3495,585,608,2
3496,591,608,2
3497,24,609,1
3498,39,609,1
3499,132,609,1
3500,267,609,8
3501,278,609,5
3502,569,609,8
3503,699,609,13
3504,27,610,1
3505,42,610,1
3506,116,610,1
3507,136,610,1
3508,420,610,2
3509,467,610,5
3510,552,610,15
3511,592,610,4
3512,27,611,1
3513,42,611,1
3514,116,611,1
3515,136,611,1
3516,327,611,8
3517,370,611,2
3518,576,611,3
3519,671,611,3
3520,30,612,1
3521,120,612,1
3522,140,612,1
3523,468,612,8
3524,525,612,8
3525,667,612,3
3526,668,612,15
3527,30,613,1
3528,120,613,1
3529,140,613,1
3530,258,613,2
3531,283,613,2
3532,562,613,16
3533,636,613,3
3534,33,614,1
3535,45,614,1
3536,124,614,1
3537,144,614,1
3538,515,614,8
3539,533,614,12
3540,635,614,2
3541,682,614,12
3542,33,615,1
3543,45,615,1
3544,124,615,1
3545,144,615,1
3546,272,615,2
3547,344,615,2
3548,654,615,8
3549,694,615,14
3550,36,616,1
3551,128,616,1
3552,409,616,5
3553,428,616,4
3554,564,616,3
3555,691,616,17
3556,36,617,1
3557,128,617,1
3558,271,617,8
3559,373,617,7
3560,557,617,2
3561,572,617,8
3562,24,618,1
3563,39,618,1
3564,116,618,1
3565,132,618,1
3566,504,618,2
3567,534,618,13
3568,563,618,8
3569,582,618,3
3570,24,619,1
3571,39,619,1
3572,116,619,1
3573,132,619,1
3574,252,619,4
3575,332,619,3
3576,617,619,4
3577,682,619,12
3578,27,620,1
3579,42,620,1
3580,136,620,1
3581,464,620,2
3582,549,620,14
3583,676,620,2
3584,679,620,10
3585,27,621,1
3586,42,621,1
3587,136,621,1
3588,372,621,3
3589,388,621,10
3590,551,621,8
3591,579,621,2
3592,30,622,1
3593,45,622,1
3594,120,622,1
3595,140,622,1
3596,453,622,2
3597,540,622,9
3598,632,622,2
3599,694,622,14
3600,30,623,1
3601,45,623,1
3602,120,623,1
3603,140,623,1
3604,366,623,8
3605,397,623,14
3606,559,623,8
3607,577,623,5
3608,33,624,1
3609,124,624,1
3610,144,624,1
3611,442,624,8
3612,469,624,2
3613,555,624,4
3614,679,624,10
3615,33,625,1
3616,124,625,1
3617,144,625,1
3618,308,625,2
3619,312,625,2
3620,626,625,3
3621,648,625,2
3622,36,626,1
3623,128,626,1
3624,132,626,1
3625,404,626,2
3626,544,626,14
3627,627,626,8
3628,662,626,15
3629,36,627,1
3630,128,627,1
3631,132,627,1
3632,366,627,8
3633,367,627,7
3634,607,627,3
3635,693,627,12
3636,24,628,1
3637,39,628,1
3638,116,628,1
3639,419,628,5
3640,491,628,3
3641,566,628,8
3642,662,628,15
3643,24,629,1
3644,39,629,1
3645,116,629,1
3646,251,629,3
3647,295,629,3
3648,556,629,8
3649,604,629,3
3650,27,630,1
3651,42,630,1
3652,120,630,1
3653,136,630,1
3654,419,630,5
3655,520,630,5
3656,669,630,7
3657,672,630,3
3658,27,631,1
3659,42,631,1
3660,120,631,1
3661,136,631,1
3662,338,631,8
3663,361,631,3
3664,588,631,4
3665,647,631,2
3666,30,632,1
3667,45,632,1
3668,140,632,1
3669,497,632,8
3670,521,632,5
3671,589,632,2
3672,628,632,8
3673,30,633,1
3674,45,633,1
3675,140,633,1
3676,333,633,3
3677,337,633,2
3678,633,633,3
3679,685,633,12
3680,33,634,1
3681,124,634,1
3682,144,634,1
3683,457,634,2
3684,465,634,2
3685,609,634,2
3686,624,634,15
3687,33,635,1
3688,124,635,1
3689,144,635,1
3690,319,635,3
3691,351,635,2
3692,616,635,2
3693,675,635,3
3694,36,636,1
3695,128,636,1
3696,132,636,1
3697,407,636,2
3698,413,636,2
3699,598,636,4
3700,657,636,3
3701,36,637,1
3702,128,637,1
3703,132,637,1
3704,346,637,8
3705,353,637,8
3706,550,637,4
3707,560,637,4
3708,24,638,1
3709,39,638,1
3710,116,638,1
3711,136,638,1
3712,442,638,8
3713,519,638,5
3714,573,638,8
3715,682,638,12
3716,24,639,1
3717,39,639,1
3718,116,639,1
3719,136,639,1
3720,372,639,3
3721,397,639,14
3722,572,639,8
3723,650,639,3
3724,27,640,1
3725,42,640,1
3726,120,640,1
3727,431,640,8
3728,502,640,8
3729,574,640,15
3730,639,640,2
3731,27,641,1
3732,42,641,1
3733,120,641,1
3734,349,641,8
3735,396,641,13
3736,615,641,2
3737,654,641,8
3738,30,642,1
3739,45,642,1
3740,124,642,1
3741,140,642,1
3742,507,642,8
3743,516,642,2
3744,597,642,8
3745,629,642,8
3746,30,643,1
3747,45,643,1
3748,124,643,1
3749,140,643,1
3750,301,643,5
3751,376,643,2
3752,640,643,4
3753,658,643,8
3754,33,644,1
3755,144,644,1
3756,445,644,8
3757,452,644,2
3758,621,644,8
3759,647,644,2
3760,33,645,1
3761,144,645,1
3762,293,645,8
3763,316,645,2
3764,630,645,4
3765,639,645,2
3766,36,646,1
3767,128,646,1
3768,132,646,1
3769,448,646,2
3770,512,646,2
3771,569,646,8
3772,692,646,10
3773,36,647,1
3774,128,647,1
3775,132,647,1
3776,260,647,8
3777,356,647,8
3778,602,647,2
3779,677,647,8
3780,24,648,1
3781,39,648,1
3782,116,648,1
3783,136,648,1
3784,417,648,2
3785,536,648,13
3786,575,648,2
3787,626,648,3
3788,24,649,1
3789,39,649,1
3790,116,649,1
3791,136,649,1
3792,324,649,3
3793,374,649,2
3794,583,649,15
3795,592,649,4
3796,27,650,1
3797,42,650,1
3798,120,650,1
3799,140,650,1
3800,484,650,5
3801,517,650,8
3802,562,650,16
3803,681,650,14
3804,27,651,1
3805,42,651,1
3806,120,651,1
3807,140,651,1
3808,382,651,12
3809,394,651,14
3810,571,651,2
3811,607,651,3
3812,30,652,1
3813,45,652,1
3814,124,652,1
3815,523,652,4
3816,544,652,14
3817,617,652,4
3818,692,652,10
3819,30,653,1
3820,45,653,1
3821,124,653,1
3822,368,653,8
3823,394,653,14
3824,608,653,2
3825,612,653,3
3826,33,654,1
3827,128,654,1
3828,144,654,1
3829,489,654,7
3830,505,654,8
3831,559,654,8
3832,562,654,16
3833,33,655,1
3834,128,655,1
3835,144,655,1
3836,284,655,2
3837,306,655,2
3838,632,655,2
3839,634,655,5
3840,36,656,1
3841,132,656,1
3842,421,656,2
3843,516,656,2
3844,644,656,4
3845,653,656,2
3846,36,657,1
3847,132,657,1
3848,302,657,7
3849,573,657,8
3850,671,657,3
3851,24,658,1
3852,39,658,1
3853,116,658,1
3854,136,658,1
3855,471,658,8
3856,537,658,10
3857,659,658,3
3858,671,658,3
3859,24,659,1
3860,39,659,1
3861,116,659,1
3862,136,659,1
3863,268,659,3
3864,292,659,2
3865,598,659,4
3866,630,659,4
3867,27,660,1
3868,42,660,1
3869,120,660,1
3870,140,660,1
3871,450,660,5
3872,515,660,8
3873,555,660,4
3874,613,660,7
3875,27,661,1
3876,42,661,1
3877,120,661,1
3878,140,661,1
3879,304,661,8
3880,385,661,12
3881,661,661,2
3882,666,661,4
3883,30,662,1
3884,45,662,1
3885,124,662,1
3886,144,662,1
3887,423,662,8
3888,455,662,2
3889,559,662,8
3890,618,662,3
3891,30,663,1
3892,45,663,1
3893,124,663,1
3894,144,663,1
3895,321,663,2
3896,339,663,3
3897,566,663,8
3898,628,663,8
3899,33,664,1
3900,128,664,1
3901,435,664,2
3902,508,664,7
3903,605,664,4
3904,675,664,3
3905,33,665,1
3906,128,665,1
3907,269,665,8
3908,318,665,8
3909,593,665,2
3910,689,665,10
3911,36,666,1
3912,132,666,1
3913,498,666,8
3914,501,666,2
3915,553,666,3
3916,599,666,3
3917,36,667,1
3918,132,667,1
3919,297,667,8
3920,338,667,8
3921,550,667,4
3922,598,667,4
3923,24,668,1
3924,39,668,1
3925,441,668,2
3926,518,668,3
3927,633,668,3
3928,699,668,13
3929,24,669,1
3930,39,669,1
3931,310,669,2
3932,321,669,2
3933,590,669,8
3934,629,669,8
3935,27,670,1
3936,42,670,1
3937,424,670,3
3938,443,670,3
3939,636,670,3
3940,655,670,8
3941,27,671,1
3942,42,671,1
3943,307,671,5
3944,313,671,3
3945,659,671,3
3946,666,671,4
3947,30,672,1
3948,45,672,1
3949,401,672,2
3950,422,672,5
3951,652,672,8
3952,665,672,8
3953,30,673,1
3954,45,673,1
3955,286,673,5
3956,392,673,12
3957,573,673,8
3958,581,673,8
3959,33,674,1
3960,410,674,8
3961,494,674,8
3962,594,674,2
3963,689,674,10
3964,33,675,1
3965,294,675,8
3966,386,675,14
3967,576,675,3
3968,605,675,4
3969,36,676,1
3970,473,676,4
3971,477,676,8
3972,560,676,4
3973,595,676,4
3974,36,677,1
3975,250,677,2
3976,358,677,5
3977,662,677,15
3978,670,677,2
3979,471,678,8
3980,483,678,3
3981,581,678,8
3982,642,678,8
3983,315,679,5
3984,578,679,4
3985,696,679,14
3986,490,680,2
3987,492,680,3
3988,591,680,2
3989,668,680,15
3990,287,681,2
3991,398,681,14
3992,636,681,3
3993,678,681,10
3994,459,682,2
3995,460,682,3
3996,558,682,8
3997,588,682,4
3998,289,683,2
3999,382,683,12
4000,614,683,7
4001,615,683,2
4002,433,684,5
4003,528,684,10
4004,582,684,3
4005,630,684,4
4006,306,685,2
4007,385,685,12
4008,565,685,8
4009,678,685,10
4010,472,686,8
4011,514,686,2
4012,611,686,8
4013,672,686,3
4014,322,687,7
4015,360,687,5
4016,612,687,3
4017,646,687,3
4018,418,688,2
4019,494,688,8
4020,566,688,8
4021,663,688,4
4022,252,689,4
4023,346,689,8
4024,662,689,15
4025,668,689,15
4026,441,690,2
4027,510,690,5
4028,605,690,4
4029,657,690,3
4030,326,691,8
4031,361,691,3
4032,624,691,15
4033,644,691,4
4034,495,692,8
4035,504,692,2
4036,578,692,4
4037,601,692,3
4038,299,693,2
4039,323,693,3
4040,583,693,15
4041,633,693,3
4042,505,694,8
4043,524,694,8
4044,693,694,12
4045,696,694,14
4046,259,695,2
4047,280,695,8
4048,595,695,4
4049,655,695,8
4050,404,696,2
4051,542,696,10
4052,586,696,3
4053,673,696,3
4054,297,697,8
4055,395,697,14
4056,618,697,3
4057,656,697,3
4058,406,698,2
4059,413,698,2
4060,588,698,4
4061,624,698,15
4062,264,699,5
4063,298,699,5
4064,564,699,3
4065,637,699,2
4066,118,700,1
4067,138,700,1
4068,229,700,1
4069,244,700,1
4070,519,700,5
4071,533,700,12
4072,712,700,4
4073,848,700,13
4074,118,701,1
4075,138,701,1
4076,229,701,1
4077,244,701,1
4078,268,701,3
4079,375,701,5
4080,758,701,4
4081,843,701,14
4082,114,702,1
4083,134,702,1
4084,226,702,1
4085,241,702,1
4086,443,702,3
4087,478,702,5
4088,803,702,8
4089,835,702,17
4090,114,703,1
4091,134,703,1
4092,226,703,1
4093,241,703,1
4094,271,703,8
4095,315,703,5
4096,771,703,4
4097,846,703,17
4098,126,704,1
4099,235,704,1
4100,466,704,2
4101,514,704,2
4102,723,704,8
4103,744,704,3
4104,126,705,1
4105,235,705,1
4106,316,705,2
4107,399,705,14
4108,711,705,3
4109,775,705,3
4110,122,706,1
4111,142,706,1
4112,232,706,1
4113,247,706,1
4114,412,706,3
4115,455,706,2
4116,737,706,8
4117,807,706,8
4118,122,707,1
4119,142,707,1
4120,232,707,1
4121,247,707,1
4122,338,707,8
4123,355,707,2
4124,761,707,2
4125,797,707,4
4126,114,708,1
4127,134,708,1
4128,226,708,1
4129,241,708,1
4130,479,708,5
4131,526,708,2
4132,800,708,2
4133,827,708,8
4134,114,709,1
4135,134,709,1
4136,226,709,1
4137,241,709,1
4138,285,709,3
4139,393,709,10
4140,700,709,15
4141,814,709,2
4142,130,710,1
4143,238,710,1
4144,427,710,7
4145,492,710,3
4146,722,710,8
4147,822,710,5
4148,130,711,1
4149,238,711,1
4150,311,711,2
4151,362,711,5
4152,725,711,3
4153,829,711,12
4154,122,712,1
4155,142,712,1
4156,232,712,1
4157,247,712,1
4158,496,712,8
4159,525,712,8
4160,748,712,8
4161,832,712,12
4162,122,713,1
4163,142,713,1
4164,232,713,1
4165,247,713,1
4166,293,713,8
4167,356,713,8
4168,733,713,4
4169,800,713,2
4170,118,714,1
4171,138,714,1
4172,229,714,1
4173,244,714,1
4174,451,714,5
4175,484,714,5
4176,781,714,15
4177,839,714,12
4178,118,715,1
4179,138,715,1
4180,229,715,1
4181,244,715,1
4182,289,715,2
4183,361,715,3
4184,709,715,8
4185,791,715,5
4186,130,716,1
4187,238,716,1
4188,418,716,2
4189,758,716,4
4190,827,716,8
4191,130,717,1
4192,238,717,1
4193,261,717,5
4194,301,717,5
4195,775,717,3
4196,814,717,2
4197,126,718,1
4198,235,718,1
4199,428,718,4
4200,502,718,8
4201,844,718,12
4202,846,718,17
4203,126,719,1
4204,235,719,1
4205,275,719,8
4206,396,719,13
4207,836,719,10
4208,843,719,14
4209,118,720,1
4210,138,720,1
4211,229,720,1
4212,244,720,1
4213,407,720,2
4214,426,720,5
4215,781,720,15
4216,801,720,15
4217,118,721,1
4218,138,721,1
4219,229,721,1
4220,244,721,1
4221,257,721,5
4222,382,721,12
4223,767,721,8
4224,826,721,2
4225,114,722,1
4226,134,722,1
4227,226,722,1
4228,241,722,1
4229,503,722,5
4230,507,722,8
4231,775,722,3
4232,787,722,8
4233,114,723,1
4234,134,723,1
4235,226,723,1
4236,241,723,1
4237,271,723,8
4238,340,723,2
4239,781,723,15
4240,812,723,8
4241,126,724,1
4242,235,724,1
4243,411,724,2
4244,515,724,8
4245,755,724,3
4246,838,724,18
4247,126,725,1
4248,235,725,1
4249,363,725,2
4250,365,725,8
4251,708,725,8
4252,758,725,4
4253,122,726,1
4254,142,726,1
4255,232,726,1
4256,247,726,1
4257,512,726,2
4258,522,726,8
4259,745,726,3
4260,835,726,17
4261,122,727,1
4262,142,727,1
4263,232,727,1
4264,247,727,1
4265,283,727,2
4266,336,727,2
4267,712,727,4
4268,772,727,3
4269,134,728,1
4270,226,728,1
4271,241,728,1
4272,492,728,3
4273,500,728,8
4274,725,728,3
4275,817,728,8
4276,134,729,1
4277,226,729,1
4278,241,729,1
4279,300,729,8
4280,357,729,2
4281,783,729,8
4282,828,729,14
4283,114,730,1
4284,130,730,1
4285,238,730,1
4286,458,730,2
4287,532,730,13
4288,702,730,2
4289,797,730,4
4290,114,731,1
4291,130,731,1
4292,238,731,1
4293,287,731,2
4294,326,731,8
4295,756,731,4
4296,837,731,10
4297,122,732,1
4298,142,732,1
4299,232,732,1
4300,247,732,1
4301,447,732,5
4302,518,732,3
4303,718,732,3
4304,817,732,8
4305,122,733,1
4306,142,733,1
4307,232,733,1
4308,247,733,1
4309,260,733,8
4310,325,733,5
4311,736,733,15
4312,768,733,3
4313,118,734,1
4314,138,734,1
4315,229,734,1
4316,244,734,1
4317,424,734,3
4318,531,734,10
4319,769,734,3
4320,828,734,14
4321,118,735,1
4322,138,735,1
4323,229,735,1
4324,244,735,1
4325,350,735,2
4326,388,735,10
4327,769,735,3
4328,841,735,12
4329,114,736,1
4330,238,736,1
4331,452,736,2
4332,523,736,4
4333,799,736,3
4334,812,736,8
4335,114,737,1
4336,238,737,1
4337,252,737,4
4338,349,737,8
4339,765,737,5
4340,834,737,10
4341,126,738,1
4342,130,738,1
4343,235,738,1
4344,476,738,2
4345,485,738,2
4346,763,738,3
4347,764,738,8
4348,126,739,1
4349,130,739,1
4350,235,739,1
4351,331,739,8
4352,365,739,8
4353,701,739,4
4354,717,739,4
4355,138,740,1
4356,229,740,1
4357,244,740,1
4358,467,740,5
4359,480,740,2
4360,728,740,4
4361,755,740,3
4362,138,741,1
4363,229,741,1
4364,244,741,1
4365,389,741,14
4366,395,741,14
4367,714,741,5
4368,718,741,3
4369,118,742,1
4370,134,742,1
4371,226,742,1
4372,241,742,1
4373,410,742,8
4374,547,742,10
4375,743,742,15
4376,809,742,2
4377,118,743,1
4378,134,743,1
4379,226,743,1
4380,241,743,1
4381,275,743,8
4382,318,743,8
4383,779,743,8
4384,825,743,4
4385,126,744,1
4386,130,744,1
4387,235,744,1
4388,471,744,8
4389,494,744,8
4390,783,744,8
4391,838,744,18
4392,126,745,1
4393,130,745,1
4394,235,745,1
4395,318,745,8
4396,347,745,8
4397,747,745,2
4398,812,745,8
4399,122,746,1
4400,142,746,1
4401,232,746,1
4402,247,746,1
4403,516,746,2
4404,539,746,14
4405,756,746,4
4406,802,746,2
4407,122,747,1
4408,142,747,1
4409,232,747,1
4410,247,747,1
4411,325,747,5
4412,380,747,10
4413,741,747,4
4414,795,747,3
4415,118,748,1
4416,226,748,1
4417,241,748,1
4418,506,748,5
4419,525,748,8
4420,746,748,8
4421,768,748,3
4422,118,749,1
4423,226,749,1
4424,241,749,1
4425,311,749,2
4426,320,749,8
4427,762,749,2
4428,831,749,10
4429,114,750,1
4430,134,750,1
4431,238,750,1
4432,510,750,5
4433,539,750,14
4434,706,750,5
4435,792,750,2
4436,114,751,1
4437,134,751,1
4438,238,751,1
4439,282,751,2
4440,353,751,8
4441,726,751,8
4442,142,752,1
4443,232,752,1
4444,247,752,1
4445,474,752,7
4446,527,752,5
4447,766,752,5
4448,787,752,8
4449,142,753,1
4450,232,753,1
4451,247,753,1
4452,263,753,8
4453,299,753,2
4454,707,753,8
4455,732,753,3
4456,122,754,1
4457,138,754,1
4458,229,754,1
4459,244,754,1
4460,400,754,3
4461,417,754,2
4462,707,754,8
4463,805,754,8
4464,122,755,1
4465,138,755,1
4466,229,755,1
4467,244,755,1
4468,272,755,2
4469,303,755,3
4470,705,755,3
4471,730,755,3
4472,114,756,1
4473,134,756,1
4474,238,756,1
4475,486,756,7
4476,537,756,10
4477,741,756,4
4478,749,756,8
4479,114,757,1
4480,134,757,1
4481,238,757,1
4482,324,757,3
4483,341,757,7
4484,732,757,3
4485,793,757,8
4486,126,758,1
4487,130,758,1
4488,235,758,1
4489,411,758,2
4490,498,758,8
4491,730,758,3
4492,818,758,2
4493,126,759,1
4494,130,759,1
4495,235,759,1
4496,352,759,2
4497,388,759,10
4498,770,759,3
4499,803,759,8
4500,122,760,1
4501,229,760,1
4502,244,760,1
4503,442,760,8
4504,545,760,14
4505,774,760,3
4506,779,760,8
4507,122,761,1
4508,229,761,1
4509,244,761,1
4510,288,761,7
4511,366,761,8
4512,766,761,5
4513,845,761,10
4514,118,762,1
4515,138,762,1
4516,226,762,1
4517,241,762,1
4518,407,762,2
4519,430,762,8
4520,738,762,2
4521,750,762,5
4522,118,763,1
4523,138,763,1
4524,226,763,1
4525,241,763,1
4526,346,763,8
4527,385,763,12
4528,703,763,8
4529,816,763,3
4530,130,764,1
4531,235,764,1
4532,435,764,2
4533,545,764,14
4534,736,764,15
4535,758,764,4
4536,130,765,1
4537,235,765,1
4538,267,765,8
4539,379,765,10
4540,734,765,8
4541,741,765,4
4542,126,766,1
4543,142,766,1
4544,232,766,1
4545,247,766,1
4546,501,766,2
4547,530,766,12
4548,767,766,8
4549,846,766,17
4550,126,767,1
4551,142,767,1
4552,232,767,1
4553,247,767,1
4554,295,767,3
4555,337,767,2
4556,744,767,3
4557,832,767,12
4558,118,768,1
4559,138,768,1
4560,241,768,1
4561,483,768,3
4562,513,768,5
4563,717,768,4
4564,753,768,8
4565,118,769,1
4566,138,769,1
4567,241,769,1
4568,267,769,8
4569,377,769,2
4570,722,769,8
4571,838,769,18
4572,114,770,1
4573,134,770,1
4574,226,770,1
4575,238,770,1
4576,490,770,2
4577,511,770,5
4578,739,770,2
4579,845,770,10
4580,114,771,1
4581,134,771,1
4582,226,771,1
4583,238,771,1
4584,313,771,3
4585,368,771,8
4586,713,771,3
4587,715,771,5
4588,126,772,1
4589,232,772,1
4590,247,772,1
4591,424,772,3
4592,531,772,10
4593,783,772,8
4594,816,772,3
4595,126,773,1
4596,232,773,1
4597,247,773,1
4598,293,773,8
4599,385,773,12
4600,737,773,8
4601,750,773,5
4602,122,774,1
4603,142,774,1
4604,229,774,1
4605,244,774,1
4606,436,774,8
4607,549,774,14
4608,721,774,8
4609,735,774,8
4610,122,775,1
4611,142,775,1
4612,229,775,1
4613,244,775,1
4614,324,775,3
4615,361,775,3
4616,718,775,3
4617,830,775,18
4618,114,776,1
4619,134,776,1
4620,226,776,1
4621,405,776,2
4622,500,776,8
4623,720,776,8
4624,739,776,2
4625,114,777,1
4626,134,777,1
4627,226,777,1
4628,277,777,2
4629,349,777,8
4630,808,777,7
4631,820,777,8
4632,130,778,1
4633,235,778,1
4634,238,778,1
4635,434,778,8
4636,491,778,3
4637,726,778,8
4638,819,778,7
4639,130,779,1
4640,235,779,1
4641,238,779,1
4642,268,779,3
4643,306,779,2
4644,719,779,2
4645,792,779,2
4646,122,780,1
4647,142,780,1
4648,244,780,1
4649,405,780,2
4650,460,780,3
4651,701,780,4
4652,826,780,2
4653,122,781,1
4654,142,781,1
4655,244,781,1
4656,269,781,8
4657,338,781,8
4658,794,781,3
4659,835,781,17
4660,118,782,1
4661,138,782,1
4662,229,782,1
4663,241,782,1
4664,425,782,8
4665,453,782,2
4666,725,782,3
4667,805,782,8
4668,118,783,1
4669,138,783,1
4670,229,783,1
4671,241,783,1
4672,262,783,8
4673,333,783,3
4674,740,783,15
4675,746,783,8
4676,130,784,1
4677,235,784,1
4678,238,784,1
4679,449,784,5
4680,454,784,5
4681,803,784,8
4682,825,784,4
4683,130,785,1
4684,235,785,1
4685,238,785,1
4686,329,785,7
4687,395,785,14
4688,745,785,3
4689,825,785,4
4690,126,786,1
4691,232,786,1
4692,247,786,1
4693,400,786,3
4694,409,786,5
4695,716,786,8
4696,722,786,8
4697,126,787,1
4698,232,787,1
4699,247,787,1
4700,279,787,8
4701,319,787,3
4702,757,787,4
4703,801,787,15
4704,118,788,1
4705,138,788,1
4706,229,788,1
4707,541,788,13
4708,546,788,10
4709,770,788,3
4710,842,788,17
4711,118,789,1
4712,138,789,1
4713,229,789,1
4714,354,789,7
4715,390,789,9
4716,712,789,4
4717,781,789,15
4718,114,790,1
4719,134,790,1
4720,226,790,1
4721,241,790,1
4722,421,790,2
4723,470,790,8
4724,751,790,3
4725,759,790,2
4726,114,791,1
4727,134,791,1
4728,226,791,1
4729,241,791,1
4730,313,791,3
4731,386,791,14
4732,753,791,8
4733,760,791,4
4734,126,792,1
4735,247,792,1
4736,445,792,8
4737,543,792,14
4738,709,792,8
4739,770,792,3
4740,126,793,1
4741,247,793,1
4742,251,793,3
4743,320,793,8
4744,743,793,15
4745,760,793,4
4746,122,794,1
4747,142,794,1
4748,232,794,1
4749,244,794,1
4750,457,794,2
4751,503,794,5
4752,736,794,15
4753,789,794,4
4754,122,795,1
4755,142,795,1
4756,232,795,1
4757,244,795,1
4758,278,795,5
4759,393,795,10
4760,772,795,3
4761,837,795,10
4762,114,796,1
4763,134,796,1
4764,226,796,1
4765,241,796,1
4766,437,796,3
4767,483,796,3
4768,764,796,8
4769,771,796,4
4770,114,797,1
4771,134,797,1
4772,226,797,1
4773,241,797,1
4774,317,797,8
4775,372,797,3
4776,751,797,3
4777,835,797,17
4778,130,798,1
4779,235,798,1
4780,238,798,1
4781,436,798,8
4782,520,798,5
4783,760,798,4
4784,811,798,2
4785,130,799,1
4786,235,799,1
4787,238,799,1
4788,259,799,2
4789,297,799,8
4790,744,799,3
4791,793,799,8
4792,122,800,1
4793,142,800,1
4794,232,800,1
4795,518,800,3
4796,535,800,14
4797,732,800,3
4798,840,800,10
4799,122,801,1
4800,142,801,1
4801,232,801,1
4802,334,801,2
4803,366,801,8
4804,700,801,15
4805,768,801,3
4806,118,802,1
4807,138,802,1
4808,229,802,1
4809,244,802,1
4810,475,802,2
4811,517,802,8
4812,719,802,2
4813,840,802,10
4814,118,803,1
4815,138,803,1
4816,229,803,1
4817,244,803,1
4818,270,803,5
4819,286,803,5
4820,844,803,12
4821,847,803,9
4822,130,804,1
4823,238,804,1
4824,423,804,8
4825,468,804,8
4826,740,804,15
4827,836,804,10
4828,130,805,1
4829,238,805,1
4830,287,805,2
4831,317,805,8
4832,755,805,3
4833,840,805,10
4834,126,806,1
4835,235,806,1
4836,247,806,1
4837,437,806,3
4838,466,806,2
4839,705,806,3
4840,777,806,5
4841,126,807,1
4842,235,807,1
4843,247,807,1
4844,332,807,3
4845,347,807,8
4846,764,807,8
4847,816,807,3
4848,118,808,1
4849,138,808,1
4850,229,808,1
4851,244,808,1
4852,425,808,8
4853,499,808,8
4854,757,808,4
4855,776,808,3
4856,118,809,1
4857,138,809,1
4858,229,809,1
4859,244,809,1
4860,303,809,3
4861,332,809,3
4862,704,809,3
4863,765,809,5
4864,114,810,1
4865,134,810,1
4866,226,810,1
4867,241,810,1
4868,471,810,8
4869,472,810,8
4870,700,810,15
4871,797,810,4
4872,114,811,1
4873,134,811,1
4874,226,811,1
4875,241,811,1
4876,323,811,3
4877,370,811,2
4878,733,811,4
4879,761,811,2
4880,126,812,1
4881,235,812,1
4882,416,812,8
4883,458,812,2
4884,735,812,8
4885,841,812,12
4886,126,813,1
4887,235,813,1
4888,319,813,3
4889,399,813,14
4890,713,813,3
4891,822,813,5
4892,122,814,1
4893,142,814,1
4894,232,814,1
4895,247,814,1
4896,442,814,8
4897,496,814,8
4898,776,814,3
4899,830,814,18
4900,122,815,1
4901,142,815,1
4902,232,815,1
4903,247,815,1
4904,308,815,2
4905,384,815,13
4906,729,815,8
4907,815,815,8
4908,114,816,1
4909,134,816,1
4910,226,816,1
4911,241,816,1
4912,406,816,2
4913,548,816,14
4914,769,816,3
4915,790,816,5
4916,114,817,1
4917,134,817,1
4918,226,817,1
4919,241,817,1
4920,276,817,2
4921,363,817,2
4922,728,817,4
4923,820,817,8
4924,130,818,1
4925,238,818,1
4926,460,818,3
4927,528,818,10
4928,729,818,8
4929,823,818,8
4930,130,819,1
4931,238,819,1
4932,250,819,2
4933,282,819,2
4934,780,819,8
4935,789,819,4
4936,122,820,1
4937,142,820,1
4938,232,820,1
4939,247,820,1
4940,497,820,8
4941,537,820,10
4942,795,820,3
4943,829,820,12
4944,122,821,1
4945,142,821,1
4946,232,821,1
4947,247,821,1
4948,274,821,2
4949,285,821,3
4950,738,821,2
4951,804,821,5
4952,118,822,1
4953,138,822,1
4954,229,822,1
4955,244,822,1
4956,463,822,3
4957,533,822,12
4958,747,822,2
4959,772,822,3
4960,118,823,1
4961,138,823,1
4962,229,823,1
4963,244,823,1
4964,263,823,8
4965,299,823,2
4966,728,823,4
4967,799,823,3
4968,130,824,1
4969,238,824,1
4970,410,824,8
4971,434,824,8
4972,780,824,8
4973,795,824,3
4974,130,825,1
4975,238,825,1
4976,253,825,5
4977,304,825,8
4978,711,825,3
4979,839,825,12
4980,126,826,1
4981,235,826,1
4982,495,826,8
4983,509,826,7
4984,796,826,8
4985,831,826,10
4986,126,827,1
4987,235,827,1
4988,255,827,7
4989,296,827,8
4990,755,827,3
4991,830,827,18
4992,431,828,8
4993,521,828,5
4994,708,828,8
4995,728,828,4
4996,280,829,8
4997,342,829,2
4998,757,829,4
4999,782,829,2
5000,403,830,3
5001,428,830,4
5002,778,830,2
5003,806,830,8
5004,296,831,8
5005,376,831,2
5006,792,831,2
5007,815,831,8
5008,461,832,5
5009,473,832,4
5010,773,832,2
5011,796,832,8
5012,300,833,8
5013,382,833,12
5014,707,833,8
5015,740,833,15
5016,438,834,5
5017,459,834,2
5018,703,834,8
5019,713,834,3
5020,294,835,8
5021,343,835,3
5022,776,835,3
5023,848,835,13
5024,404,836,2
5025,543,836,14
5026,712,836,4
5027,821,836,7
5028,258,837,2
5029,379,837,10
5030,720,837,8
5031,842,837,17
5032,414,838,7
5033,473,838,4
5034,746,838,8
5035,801,838,15
5036,310,839,2
5037,368,839,8
5038,789,839,4
5039,841,839,12
5040,495,840,8
5041,524,840,8
5042,740,840,15
5043,752,840,2
5044,323,841,3
5045,351,841,2
5046,736,841,15
5047,827,841,8
5048,443,842,3
5049,523,842,4
5050,704,842,3
5051,794,842,3
5052,339,843,3
5053,369,843,2
5054,810,843,2
5055,844,843,12
5056,412,844,3
5057,534,844,13
5058,756,844,4
5059,802,844,2
5060,389,845,14
5061,392,845,12
5062,723,845,8
5063,745,845,3
5064,416,846,8
5065,468,846,8
5066,748,846,8
5067,771,846,4
5068,262,847,8
5069,328,847,5
5070,731,847,2
5071,824,847,8
5072,408,848,5
5073,480,848,2
5074,729,848,8
5075,763,848,3
5076,260,849,8
5077,353,849,8
5078,743,849,15
5079,788,849,8
